To honour the JVM settings for this build a single-use Daemon process will be forked. For more on this, please refer to https://docs.gradle.org/8.8/userguide/gradle_daemon.html#sec:disabling_the_daemon in the Gradle documentation.
Daemon will be stopped at the end of the build 
> Task :gradle-plugin:settings-plugin:checkKotlinGradlePluginConfigurationErrors
> Task :gradle-plugin:settings-plugin:compileKotlin UP-TO-DATE
> Task :gradle-plugin:settings-plugin:compileJava NO-SOURCE
> Task :gradle-plugin:settings-plugin:pluginDescriptors UP-TO-DATE
> Task :gradle-plugin:settings-plugin:processResources UP-TO-DATE
> Task :gradle-plugin:settings-plugin:classes UP-TO-DATE
> Task :gradle-plugin:settings-plugin:jar UP-TO-DATE
> Task :gradle-plugin:react-native-gradle-plugin:checkKotlinGradlePluginConfigurationErrors
> Task :expo-dev-launcher-gradle-plugin:checkKotlinGradlePluginConfigurationErrors
> Task :expo-updates-gradle-plugin:checkKotlinGradlePluginConfigurationErrors
> Task :expo-updates-gradle-plugin:pluginDescriptors UP-TO-DATE
> Task :expo-updates-gradle-plugin:processResources UP-TO-DATE
> Task :expo-dev-launcher-gradle-plugin:compileKotlin UP-TO-DATE
> Task :expo-dev-launcher-gradle-plugin:compileJava NO-SOURCE
> Task :expo-dev-launcher-gradle-plugin:pluginDescriptors UP-TO-DATE
> Task :expo-dev-launcher-gradle-plugin:processResources UP-TO-DATE
> Task :expo-dev-launcher-gradle-plugin:classes UP-TO-DATE
> Task :expo-dev-launcher-gradle-plugin:jar UP-TO-DATE
> Task :gradle-plugin:react-native-gradle-plugin:compileKotlin UP-TO-DATE
> Task :gradle-plugin:react-native-gradle-plugin:compileJava NO-SOURCE
> Task :gradle-plugin:react-native-gradle-plugin:pluginDescriptors UP-TO-DATE
> Task :gradle-plugin:react-native-gradle-plugin:processResources UP-TO-DATE
> Task :gradle-plugin:react-native-gradle-plugin:classes UP-TO-DATE
> Task :gradle-plugin:react-native-gradle-plugin:jar UP-TO-DATE
> Task :expo-updates-gradle-plugin:compileKotlin UP-TO-DATE
> Task :expo-updates-gradle-plugin:compileJava NO-SOURCE
> Task :expo-updates-gradle-plugin:classes UP-TO-DATE
> Task :expo-updates-gradle-plugin:jar UP-TO-DATE

> Configure project :app
 ??  [33mApplying gradle plugin[0m '[32mexpo-dev-launcher-gradle-plugin[0m' (expo-dev-launcher@4.0.29)
 ??  [33mApplying gradle plugin[0m '[32mexpo-updates-gradle-plugin[0m' (expo-updates@0.25.28)

> Configure project :expo

Using expo modules
  - [32mexpo-application[0m (5.9.1)
  - [32mexpo-asset[0m (10.0.10)
  - [32mexpo-av[0m (14.0.7)
  - [32mexpo-constants[0m (16.0.2)
  - [32mexpo-dev-client[0m (4.0.29)
  - [32mexpo-dev-launcher[0m (4.0.29)
  - [32mexpo-dev-menu[0m (5.0.23)
  - [32mexpo-device[0m (6.0.2)
  - [32mexpo-eas-client[0m (0.12.0)
  - [32mexpo-file-system[0m (17.0.1)
  - [32mexpo-font[0m (12.0.10)
  - [32mexpo-haptics[0m (13.0.1)
  - [32mexpo-image[0m (1.13.0)
  - [32mexpo-image-loader[0m (4.7.0)
  - [32mexpo-image-picker[0m (15.1.0)
  - [32mexpo-json-utils[0m (0.13.1)
  - [32mexpo-keep-awake[0m (13.0.2)
  - [32mexpo-location[0m (17.0.1)
  - [32mexpo-manifests[0m (0.14.3)
  - [32mexpo-modules-core[0m (1.12.26)
  - [32mexpo-notifications[0m (0.28.19)
  - [32mexpo-splash-screen[0m (0.27.7)
  - [32mexpo-structured-headers[0m (3.8.0)
  - [32mexpo-task-manager[0m (11.8.2)
  - [32mexpo-updates[0m (0.25.28)
  - [32munimodules-app-loader[0m (4.6.0)


> Task :app:buildKotlinToolingMetadata UP-TO-DATE
> Task :app:checkKotlinGradlePluginConfigurationErrors
> Task :app:generateCodegenSchemaFromJavaScript SKIPPED
> Task :app:generateCodegenArtifactsFromSchema SKIPPED
> Task :app:generatePackageList
> Task :app:preBuild
> Task :app:preReleaseBuild
> Task :app:generateReleaseBuildConfig UP-TO-DATE
> Task :expo:generateExpoModulesPackageListTask UP-TO-DATE
> Task :expo:preBuild UP-TO-DATE
> Task :expo:preReleaseBuild UP-TO-DATE
> Task :expo:writeReleaseAarMetadata UP-TO-DATE
> Task :expo-application:preBuild UP-TO-DATE
> Task :expo-application:preReleaseBuild UP-TO-DATE
> Task :expo-application:writeReleaseAarMetadata UP-TO-DATE
> Task :expo-asset:preBuild UP-TO-DATE
> Task :expo-asset:preReleaseBuild UP-TO-DATE
> Task :expo-asset:writeReleaseAarMetadata UP-TO-DATE
> Task :expo-av:preBuild UP-TO-DATE
> Task :expo-av:preReleaseBuild UP-TO-DATE
> Task :expo-av:writeReleaseAarMetadata UP-TO-DATE
> Task :expo-constants:createExpoConfig UP-TO-DATE
> Task :expo-constants:preBuild UP-TO-DATE
> Task :expo-constants:preReleaseBuild UP-TO-DATE
> Task :expo-constants:writeReleaseAarMetadata UP-TO-DATE
> Task :expo-dev-client:preBuild UP-TO-DATE
> Task :expo-dev-client:preReleaseBuild UP-TO-DATE
> Task :expo-dev-client:writeReleaseAarMetadata UP-TO-DATE
> Task :expo-dev-launcher:preBuild UP-TO-DATE
> Task :expo-dev-launcher:preReleaseBuild UP-TO-DATE
> Task :expo-dev-launcher:writeReleaseAarMetadata UP-TO-DATE
> Task :expo-dev-menu:preBuild UP-TO-DATE
> Task :expo-dev-menu:preReleaseBuild UP-TO-DATE
> Task :expo-dev-menu:writeReleaseAarMetadata UP-TO-DATE
> Task :expo-dev-menu-interface:preBuild UP-TO-DATE
> Task :expo-dev-menu-interface:preReleaseBuild UP-TO-DATE
> Task :expo-dev-menu-interface:writeReleaseAarMetadata UP-TO-DATE
> Task :expo-device:preBuild UP-TO-DATE
> Task :expo-device:preReleaseBuild UP-TO-DATE
> Task :expo-device:writeReleaseAarMetadata UP-TO-DATE
> Task :expo-eas-client:preBuild UP-TO-DATE
> Task :expo-eas-client:preReleaseBuild UP-TO-DATE
> Task :expo-eas-client:writeReleaseAarMetadata UP-TO-DATE
> Task :expo-file-system:preBuild UP-TO-DATE
> Task :expo-file-system:preReleaseBuild UP-TO-DATE
> Task :expo-file-system:writeReleaseAarMetadata UP-TO-DATE
> Task :expo-font:preBuild UP-TO-DATE
> Task :expo-font:preReleaseBuild UP-TO-DATE
> Task :expo-font:writeReleaseAarMetadata UP-TO-DATE
> Task :expo-haptics:preBuild UP-TO-DATE
> Task :expo-haptics:preReleaseBuild UP-TO-DATE
> Task :expo-haptics:writeReleaseAarMetadata UP-TO-DATE
> Task :expo-image:preBuild UP-TO-DATE
> Task :expo-image:preReleaseBuild UP-TO-DATE
> Task :expo-image:writeReleaseAarMetadata UP-TO-DATE
> Task :expo-image-loader:preBuild UP-TO-DATE
> Task :expo-image-loader:preReleaseBuild UP-TO-DATE
> Task :expo-image-loader:writeReleaseAarMetadata UP-TO-DATE
> Task :expo-image-picker:preBuild UP-TO-DATE
> Task :expo-image-picker:preReleaseBuild UP-TO-DATE
> Task :expo-image-picker:writeReleaseAarMetadata UP-TO-DATE
> Task :expo-json-utils:preBuild UP-TO-DATE
> Task :expo-json-utils:preReleaseBuild UP-TO-DATE
> Task :expo-json-utils:writeReleaseAarMetadata UP-TO-DATE
> Task :expo-keep-awake:preBuild UP-TO-DATE
> Task :expo-keep-awake:preReleaseBuild UP-TO-DATE
> Task :expo-keep-awake:writeReleaseAarMetadata UP-TO-DATE
> Task :expo-location:preBuild UP-TO-DATE
> Task :expo-location:preReleaseBuild UP-TO-DATE
> Task :expo-location:writeReleaseAarMetadata UP-TO-DATE
> Task :expo-manifests:preBuild UP-TO-DATE
> Task :expo-manifests:preReleaseBuild UP-TO-DATE
> Task :expo-manifests:writeReleaseAarMetadata UP-TO-DATE
> Task :expo-modules-core:preBuild UP-TO-DATE
> Task :expo-modules-core:preReleaseBuild UP-TO-DATE
> Task :expo-modules-core:writeReleaseAarMetadata UP-TO-DATE
> Task :expo-notifications:preBuild UP-TO-DATE
> Task :expo-notifications:preReleaseBuild UP-TO-DATE
> Task :expo-notifications:writeReleaseAarMetadata UP-TO-DATE
> Task :expo-splash-screen:preBuild UP-TO-DATE
> Task :expo-splash-screen:preReleaseBuild UP-TO-DATE
> Task :expo-splash-screen:writeReleaseAarMetadata UP-TO-DATE
> Task :expo-structured-headers:preBuild UP-TO-DATE
> Task :expo-structured-headers:preReleaseBuild UP-TO-DATE
> Task :expo-structured-headers:writeReleaseAarMetadata UP-TO-DATE
> Task :expo-task-manager:preBuild UP-TO-DATE
> Task :expo-task-manager:preReleaseBuild UP-TO-DATE
> Task :expo-task-manager:writeReleaseAarMetadata UP-TO-DATE
> Task :expo-updates:preBuild UP-TO-DATE
> Task :expo-updates:preReleaseBuild UP-TO-DATE
> Task :expo-updates:writeReleaseAarMetadata UP-TO-DATE
> Task :expo-updates-interface:preBuild UP-TO-DATE
> Task :expo-updates-interface:preReleaseBuild UP-TO-DATE
> Task :expo-updates-interface:writeReleaseAarMetadata UP-TO-DATE
> Task :react-native-async-storage_async-storage:preBuild UP-TO-DATE
> Task :react-native-async-storage_async-storage:preReleaseBuild UP-TO-DATE
> Task :react-native-async-storage_async-storage:writeReleaseAarMetadata UP-TO-DATE
> Task :react-native-community_netinfo:preBuild UP-TO-DATE
> Task :react-native-community_netinfo:preReleaseBuild UP-TO-DATE
> Task :react-native-community_netinfo:writeReleaseAarMetadata UP-TO-DATE
> Task :react-native-gesture-handler:preBuild UP-TO-DATE
> Task :react-native-gesture-handler:preReleaseBuild UP-TO-DATE
> Task :react-native-gesture-handler:writeReleaseAarMetadata UP-TO-DATE
> Task :react-native-maps:preBuild UP-TO-DATE
> Task :react-native-maps:preReleaseBuild UP-TO-DATE
> Task :react-native-maps:writeReleaseAarMetadata UP-TO-DATE
> Task :react-native-safe-area-context:preBuild UP-TO-DATE
> Task :react-native-safe-area-context:preReleaseBuild UP-TO-DATE
> Task :react-native-safe-area-context:writeReleaseAarMetadata UP-TO-DATE
> Task :react-native-screens:preBuild UP-TO-DATE
> Task :react-native-screens:preReleaseBuild UP-TO-DATE
> Task :react-native-screens:writeReleaseAarMetadata UP-TO-DATE
> Task :react-native-svg:preBuild UP-TO-DATE
> Task :react-native-svg:preReleaseBuild UP-TO-DATE
> Task :react-native-svg:writeReleaseAarMetadata UP-TO-DATE
> Task :sentry_react-native:preBuild UP-TO-DATE
> Task :sentry_react-native:preReleaseBuild UP-TO-DATE
> Task :sentry_react-native:writeReleaseAarMetadata UP-TO-DATE
> Task :unimodules-app-loader:preBuild UP-TO-DATE
> Task :unimodules-app-loader:preReleaseBuild UP-TO-DATE
> Task :unimodules-app-loader:writeReleaseAarMetadata UP-TO-DATE
> Task :app:checkReleaseAarMetadata UP-TO-DATE
> Task :app:createBundleReleaseJsAndAssets UP-TO-DATE
> Task :app:generateReleaseResValues UP-TO-DATE
> Task :expo:generateReleaseResValues UP-TO-DATE
> Task :expo:generateReleaseResources UP-TO-DATE
> Task :expo:packageReleaseResources UP-TO-DATE
> Task :expo-application:generateReleaseResValues UP-TO-DATE
> Task :expo-application:generateReleaseResources UP-TO-DATE
> Task :expo-application:packageReleaseResources UP-TO-DATE
> Task :expo-asset:generateReleaseResValues UP-TO-DATE
> Task :expo-asset:generateReleaseResources UP-TO-DATE
> Task :expo-asset:packageReleaseResources UP-TO-DATE
> Task :expo-av:generateReleaseResValues UP-TO-DATE
> Task :expo-av:generateReleaseResources UP-TO-DATE
> Task :expo-av:packageReleaseResources UP-TO-DATE
> Task :expo-constants:generateReleaseResValues UP-TO-DATE
> Task :expo-constants:generateReleaseResources UP-TO-DATE
> Task :expo-constants:packageReleaseResources UP-TO-DATE
> Task :expo-dev-client:generateReleaseResValues UP-TO-DATE
> Task :expo-dev-client:generateReleaseResources UP-TO-DATE
> Task :expo-dev-client:packageReleaseResources UP-TO-DATE
> Task :expo-dev-launcher:generateReleaseResValues UP-TO-DATE
> Task :expo-dev-launcher:generateReleaseResources UP-TO-DATE
> Task :expo-dev-launcher:packageReleaseResources UP-TO-DATE
> Task :expo-dev-menu:generateReleaseResValues UP-TO-DATE
> Task :expo-dev-menu:generateReleaseResources UP-TO-DATE
> Task :expo-dev-menu:packageReleaseResources UP-TO-DATE
> Task :expo-dev-menu-interface:generateReleaseResValues UP-TO-DATE
> Task :expo-dev-menu-interface:generateReleaseResources UP-TO-DATE
> Task :expo-dev-menu-interface:packageReleaseResources UP-TO-DATE
> Task :expo-device:generateReleaseResValues UP-TO-DATE
> Task :expo-device:generateReleaseResources UP-TO-DATE
> Task :expo-device:packageReleaseResources UP-TO-DATE
> Task :expo-eas-client:generateReleaseResValues UP-TO-DATE
> Task :expo-eas-client:generateReleaseResources UP-TO-DATE
> Task :expo-eas-client:packageReleaseResources UP-TO-DATE
> Task :expo-file-system:generateReleaseResValues UP-TO-DATE
> Task :expo-file-system:generateReleaseResources UP-TO-DATE
> Task :expo-file-system:packageReleaseResources UP-TO-DATE
> Task :expo-font:generateReleaseResValues UP-TO-DATE
> Task :expo-font:generateReleaseResources UP-TO-DATE
> Task :expo-font:packageReleaseResources UP-TO-DATE
> Task :expo-haptics:generateReleaseResValues UP-TO-DATE
> Task :expo-haptics:generateReleaseResources UP-TO-DATE
> Task :expo-haptics:packageReleaseResources UP-TO-DATE
> Task :expo-image:generateReleaseResValues UP-TO-DATE
> Task :expo-image:generateReleaseResources UP-TO-DATE
> Task :expo-image:packageReleaseResources UP-TO-DATE
> Task :expo-image-loader:generateReleaseResValues UP-TO-DATE
> Task :expo-image-loader:generateReleaseResources UP-TO-DATE
> Task :expo-image-loader:packageReleaseResources UP-TO-DATE
> Task :expo-image-picker:generateReleaseResValues UP-TO-DATE
> Task :expo-image-picker:generateReleaseResources UP-TO-DATE
> Task :expo-image-picker:packageReleaseResources UP-TO-DATE
> Task :expo-json-utils:generateReleaseResValues UP-TO-DATE
> Task :expo-json-utils:generateReleaseResources UP-TO-DATE
> Task :expo-json-utils:packageReleaseResources UP-TO-DATE
> Task :expo-keep-awake:generateReleaseResValues UP-TO-DATE
> Task :expo-keep-awake:generateReleaseResources UP-TO-DATE
> Task :expo-keep-awake:packageReleaseResources UP-TO-DATE
> Task :expo-location:generateReleaseResValues UP-TO-DATE
> Task :expo-location:generateReleaseResources UP-TO-DATE
> Task :expo-location:packageReleaseResources UP-TO-DATE
> Task :expo-manifests:generateReleaseResValues UP-TO-DATE
> Task :expo-manifests:generateReleaseResources UP-TO-DATE
> Task :expo-manifests:packageReleaseResources UP-TO-DATE
> Task :expo-modules-core:generateReleaseResValues UP-TO-DATE
> Task :expo-modules-core:generateReleaseResources UP-TO-DATE
> Task :expo-modules-core:packageReleaseResources UP-TO-DATE
> Task :expo-notifications:generateReleaseResValues UP-TO-DATE
> Task :expo-notifications:generateReleaseResources UP-TO-DATE
> Task :expo-notifications:packageReleaseResources UP-TO-DATE
> Task :expo-splash-screen:generateReleaseResValues UP-TO-DATE
> Task :expo-splash-screen:generateReleaseResources UP-TO-DATE
> Task :expo-splash-screen:packageReleaseResources UP-TO-DATE
> Task :expo-structured-headers:generateReleaseResValues UP-TO-DATE
> Task :expo-structured-headers:generateReleaseResources UP-TO-DATE
> Task :expo-structured-headers:packageReleaseResources UP-TO-DATE
> Task :expo-task-manager:generateReleaseResValues UP-TO-DATE
> Task :expo-task-manager:generateReleaseResources UP-TO-DATE
> Task :expo-task-manager:packageReleaseResources UP-TO-DATE
> Task :expo-updates:generateReleaseResValues UP-TO-DATE
> Task :expo-updates:generateReleaseResources UP-TO-DATE
> Task :expo-updates:packageReleaseResources UP-TO-DATE
> Task :expo-updates-interface:generateReleaseResValues UP-TO-DATE
> Task :expo-updates-interface:generateReleaseResources UP-TO-DATE
> Task :expo-updates-interface:packageReleaseResources UP-TO-DATE
> Task :react-native-async-storage_async-storage:generateReleaseResValues UP-TO-DATE
> Task :react-native-async-storage_async-storage:generateReleaseResources UP-TO-DATE
> Task :react-native-async-storage_async-storage:packageReleaseResources UP-TO-DATE
> Task :react-native-community_netinfo:generateReleaseResValues UP-TO-DATE
> Task :react-native-community_netinfo:generateReleaseResources UP-TO-DATE
> Task :react-native-community_netinfo:packageReleaseResources UP-TO-DATE
> Task :react-native-gesture-handler:generateReleaseResValues UP-TO-DATE
> Task :react-native-gesture-handler:generateReleaseResources UP-TO-DATE
> Task :react-native-gesture-handler:packageReleaseResources UP-TO-DATE
> Task :react-native-maps:generateReleaseResValues UP-TO-DATE
> Task :react-native-maps:generateReleaseResources UP-TO-DATE
> Task :react-native-maps:packageReleaseResources UP-TO-DATE
> Task :react-native-safe-area-context:generateReleaseResValues UP-TO-DATE
> Task :react-native-safe-area-context:generateReleaseResources UP-TO-DATE
> Task :react-native-safe-area-context:packageReleaseResources UP-TO-DATE
> Task :react-native-screens:generateReleaseResValues UP-TO-DATE
> Task :react-native-screens:generateReleaseResources UP-TO-DATE
> Task :react-native-screens:packageReleaseResources UP-TO-DATE
> Task :react-native-svg:generateReleaseResValues UP-TO-DATE
> Task :react-native-svg:generateReleaseResources UP-TO-DATE
> Task :react-native-svg:packageReleaseResources UP-TO-DATE
> Task :sentry_react-native:generateReleaseResValues UP-TO-DATE
> Task :sentry_react-native:generateReleaseResources UP-TO-DATE
> Task :sentry_react-native:packageReleaseResources UP-TO-DATE
> Task :unimodules-app-loader:generateReleaseResValues UP-TO-DATE
> Task :unimodules-app-loader:generateReleaseResources UP-TO-DATE
> Task :unimodules-app-loader:packageReleaseResources UP-TO-DATE
> Task :app:mapReleaseSourceSetPaths UP-TO-DATE
> Task :app:generateReleaseResources UP-TO-DATE
> Task :app:mergeReleaseResources UP-TO-DATE
> Task :app:packageReleaseResources UP-TO-DATE
> Task :app:parseReleaseLocalResources UP-TO-DATE
> Task :app:createReleaseCompatibleScreenManifests UP-TO-DATE
> Task :app:extractDeepLinksRelease UP-TO-DATE
> Task :expo:extractDeepLinksRelease UP-TO-DATE
> Task :expo:processReleaseManifest UP-TO-DATE
> Task :expo-application:extractDeepLinksRelease UP-TO-DATE
> Task :expo-application:processReleaseManifest UP-TO-DATE
> Task :expo-asset:extractDeepLinksRelease UP-TO-DATE
> Task :expo-asset:processReleaseManifest UP-TO-DATE
> Task :expo-av:extractDeepLinksRelease UP-TO-DATE
> Task :expo-av:processReleaseManifest UP-TO-DATE
> Task :expo-constants:extractDeepLinksRelease UP-TO-DATE
> Task :expo-constants:processReleaseManifest UP-TO-DATE
> Task :expo-dev-client:extractDeepLinksRelease UP-TO-DATE
> Task :expo-dev-client:processReleaseManifest UP-TO-DATE
> Task :expo-dev-launcher:extractDeepLinksRelease UP-TO-DATE
> Task :expo-dev-launcher:processReleaseManifest UP-TO-DATE
> Task :expo-dev-menu:extractDeepLinksRelease UP-TO-DATE
> Task :expo-dev-menu:processReleaseManifest UP-TO-DATE
> Task :expo-dev-menu-interface:extractDeepLinksRelease UP-TO-DATE
> Task :expo-dev-menu-interface:processReleaseManifest UP-TO-DATE
> Task :expo-device:extractDeepLinksRelease UP-TO-DATE
> Task :expo-device:processReleaseManifest UP-TO-DATE
> Task :expo-eas-client:extractDeepLinksRelease UP-TO-DATE
> Task :expo-eas-client:processReleaseManifest UP-TO-DATE
> Task :expo-file-system:extractDeepLinksRelease UP-TO-DATE
> Task :expo-file-system:processReleaseManifest UP-TO-DATE
> Task :expo-font:extractDeepLinksRelease UP-TO-DATE
> Task :expo-font:processReleaseManifest UP-TO-DATE
> Task :expo-haptics:extractDeepLinksRelease UP-TO-DATE
> Task :expo-haptics:processReleaseManifest UP-TO-DATE
> Task :expo-image:extractDeepLinksRelease UP-TO-DATE
> Task :expo-image:processReleaseManifest UP-TO-DATE
> Task :expo-image-loader:extractDeepLinksRelease UP-TO-DATE
> Task :expo-image-loader:processReleaseManifest UP-TO-DATE
> Task :expo-image-picker:extractDeepLinksRelease UP-TO-DATE
> Task :expo-image-picker:processReleaseManifest UP-TO-DATE
> Task :expo-json-utils:extractDeepLinksRelease UP-TO-DATE
> Task :expo-json-utils:processReleaseManifest UP-TO-DATE
> Task :expo-keep-awake:extractDeepLinksRelease UP-TO-DATE
> Task :expo-keep-awake:processReleaseManifest UP-TO-DATE
> Task :expo-location:extractDeepLinksRelease UP-TO-DATE
> Task :expo-location:processReleaseManifest UP-TO-DATE
> Task :expo-manifests:extractDeepLinksRelease UP-TO-DATE
> Task :expo-manifests:processReleaseManifest UP-TO-DATE
> Task :expo-modules-core:extractDeepLinksRelease UP-TO-DATE
> Task :expo-modules-core:processReleaseManifest UP-TO-DATE
> Task :expo-notifications:extractDeepLinksRelease UP-TO-DATE
> Task :expo-notifications:processReleaseManifest UP-TO-DATE
> Task :expo-splash-screen:extractDeepLinksRelease UP-TO-DATE
> Task :expo-splash-screen:processReleaseManifest UP-TO-DATE
> Task :expo-structured-headers:extractDeepLinksRelease UP-TO-DATE
> Task :expo-structured-headers:processReleaseManifest UP-TO-DATE
> Task :expo-task-manager:extractDeepLinksRelease UP-TO-DATE
> Task :expo-task-manager:processReleaseManifest UP-TO-DATE
> Task :expo-updates:extractDeepLinksRelease UP-TO-DATE
> Task :expo-updates:processReleaseManifest UP-TO-DATE
> Task :expo-updates-interface:extractDeepLinksRelease UP-TO-DATE
> Task :expo-updates-interface:processReleaseManifest UP-TO-DATE
> Task :react-native-async-storage_async-storage:extractDeepLinksRelease UP-TO-DATE
> Task :react-native-async-storage_async-storage:processReleaseManifest UP-TO-DATE
> Task :react-native-community_netinfo:extractDeepLinksRelease UP-TO-DATE
> Task :react-native-community_netinfo:processReleaseManifest UP-TO-DATE
> Task :react-native-gesture-handler:extractDeepLinksRelease UP-TO-DATE
> Task :react-native-gesture-handler:processReleaseManifest UP-TO-DATE
> Task :react-native-maps:extractDeepLinksRelease UP-TO-DATE
> Task :react-native-maps:processReleaseManifest UP-TO-DATE
> Task :react-native-safe-area-context:extractDeepLinksRelease UP-TO-DATE
> Task :react-native-safe-area-context:processReleaseManifest UP-TO-DATE
> Task :react-native-screens:extractDeepLinksRelease UP-TO-DATE
> Task :react-native-screens:processReleaseManifest UP-TO-DATE
> Task :react-native-svg:extractDeepLinksRelease UP-TO-DATE
> Task :react-native-svg:processReleaseManifest UP-TO-DATE
> Task :sentry_react-native:extractDeepLinksRelease UP-TO-DATE
> Task :sentry_react-native:processReleaseManifest UP-TO-DATE
> Task :unimodules-app-loader:extractDeepLinksRelease UP-TO-DATE
> Task :unimodules-app-loader:processReleaseManifest UP-TO-DATE
> Task :app:processReleaseMainManifest UP-TO-DATE
> Task :app:processReleaseManifest UP-TO-DATE
> Task :app:processReleaseManifestForPackage UP-TO-DATE
> Task :expo:compileReleaseLibraryResources UP-TO-DATE
> Task :expo:parseReleaseLocalResources UP-TO-DATE
> Task :expo:generateReleaseRFile UP-TO-DATE
> Task :expo-application:compileReleaseLibraryResources UP-TO-DATE
> Task :expo-application:parseReleaseLocalResources UP-TO-DATE
> Task :expo-application:generateReleaseRFile UP-TO-DATE
> Task :expo-asset:compileReleaseLibraryResources UP-TO-DATE
> Task :expo-asset:parseReleaseLocalResources UP-TO-DATE
> Task :expo-asset:generateReleaseRFile UP-TO-DATE
> Task :expo-av:compileReleaseLibraryResources UP-TO-DATE
> Task :expo-av:parseReleaseLocalResources UP-TO-DATE
> Task :expo-av:generateReleaseRFile UP-TO-DATE
> Task :expo-constants:compileReleaseLibraryResources UP-TO-DATE
> Task :expo-constants:parseReleaseLocalResources UP-TO-DATE
> Task :expo-constants:generateReleaseRFile UP-TO-DATE
> Task :expo-dev-client:compileReleaseLibraryResources UP-TO-DATE
> Task :expo-dev-client:parseReleaseLocalResources UP-TO-DATE
> Task :expo-dev-client:generateReleaseRFile UP-TO-DATE
> Task :expo-dev-launcher:compileReleaseLibraryResources UP-TO-DATE
> Task :expo-dev-launcher:parseReleaseLocalResources UP-TO-DATE
> Task :expo-dev-launcher:generateReleaseRFile UP-TO-DATE
> Task :expo-dev-menu:compileReleaseLibraryResources UP-TO-DATE
> Task :expo-dev-menu:parseReleaseLocalResources UP-TO-DATE
> Task :expo-dev-menu:generateReleaseRFile UP-TO-DATE
> Task :expo-dev-menu-interface:compileReleaseLibraryResources UP-TO-DATE
> Task :expo-dev-menu-interface:parseReleaseLocalResources UP-TO-DATE
> Task :expo-dev-menu-interface:generateReleaseRFile UP-TO-DATE
> Task :expo-device:compileReleaseLibraryResources UP-TO-DATE
> Task :expo-device:parseReleaseLocalResources UP-TO-DATE
> Task :expo-device:generateReleaseRFile UP-TO-DATE
> Task :expo-eas-client:compileReleaseLibraryResources UP-TO-DATE
> Task :expo-eas-client:parseReleaseLocalResources UP-TO-DATE
> Task :expo-eas-client:generateReleaseRFile UP-TO-DATE
> Task :expo-file-system:compileReleaseLibraryResources UP-TO-DATE
> Task :expo-file-system:parseReleaseLocalResources UP-TO-DATE
> Task :expo-file-system:generateReleaseRFile UP-TO-DATE
> Task :expo-font:compileReleaseLibraryResources UP-TO-DATE
> Task :expo-font:parseReleaseLocalResources UP-TO-DATE
> Task :expo-font:generateReleaseRFile UP-TO-DATE
> Task :expo-haptics:compileReleaseLibraryResources UP-TO-DATE
> Task :expo-haptics:parseReleaseLocalResources UP-TO-DATE
> Task :expo-haptics:generateReleaseRFile UP-TO-DATE
> Task :expo-image:compileReleaseLibraryResources UP-TO-DATE
> Task :expo-image:parseReleaseLocalResources UP-TO-DATE
> Task :expo-image:generateReleaseRFile UP-TO-DATE
> Task :expo-image-loader:compileReleaseLibraryResources UP-TO-DATE
> Task :expo-image-loader:parseReleaseLocalResources UP-TO-DATE
> Task :expo-image-loader:generateReleaseRFile UP-TO-DATE
> Task :expo-image-picker:compileReleaseLibraryResources UP-TO-DATE
> Task :expo-image-picker:parseReleaseLocalResources UP-TO-DATE
> Task :expo-image-picker:generateReleaseRFile UP-TO-DATE
> Task :expo-json-utils:compileReleaseLibraryResources UP-TO-DATE
> Task :expo-json-utils:parseReleaseLocalResources UP-TO-DATE
> Task :expo-json-utils:generateReleaseRFile UP-TO-DATE
> Task :expo-keep-awake:compileReleaseLibraryResources UP-TO-DATE
> Task :expo-keep-awake:parseReleaseLocalResources UP-TO-DATE
> Task :expo-keep-awake:generateReleaseRFile UP-TO-DATE
> Task :expo-location:compileReleaseLibraryResources UP-TO-DATE
> Task :expo-location:parseReleaseLocalResources UP-TO-DATE
> Task :expo-location:generateReleaseRFile UP-TO-DATE
> Task :expo-manifests:compileReleaseLibraryResources UP-TO-DATE
> Task :expo-manifests:parseReleaseLocalResources UP-TO-DATE
> Task :expo-manifests:generateReleaseRFile UP-TO-DATE
> Task :expo-modules-core:compileReleaseLibraryResources UP-TO-DATE
> Task :expo-modules-core:parseReleaseLocalResources UP-TO-DATE
> Task :expo-modules-core:generateReleaseRFile UP-TO-DATE
> Task :expo-notifications:compileReleaseLibraryResources UP-TO-DATE
> Task :expo-notifications:parseReleaseLocalResources UP-TO-DATE
> Task :expo-notifications:generateReleaseRFile UP-TO-DATE
> Task :expo-splash-screen:compileReleaseLibraryResources UP-TO-DATE
> Task :expo-splash-screen:parseReleaseLocalResources UP-TO-DATE
> Task :expo-splash-screen:generateReleaseRFile UP-TO-DATE
> Task :expo-structured-headers:compileReleaseLibraryResources UP-TO-DATE
> Task :expo-structured-headers:parseReleaseLocalResources UP-TO-DATE
> Task :expo-structured-headers:generateReleaseRFile UP-TO-DATE
> Task :expo-task-manager:compileReleaseLibraryResources UP-TO-DATE
> Task :expo-task-manager:parseReleaseLocalResources UP-TO-DATE
> Task :expo-task-manager:generateReleaseRFile UP-TO-DATE
> Task :expo-updates:compileReleaseLibraryResources UP-TO-DATE
> Task :expo-updates:parseReleaseLocalResources UP-TO-DATE
> Task :expo-updates:generateReleaseRFile UP-TO-DATE
> Task :expo-updates-interface:compileReleaseLibraryResources UP-TO-DATE
> Task :expo-updates-interface:parseReleaseLocalResources UP-TO-DATE
> Task :expo-updates-interface:generateReleaseRFile UP-TO-DATE
> Task :react-native-async-storage_async-storage:compileReleaseLibraryResources UP-TO-DATE
> Task :react-native-async-storage_async-storage:parseReleaseLocalResources UP-TO-DATE
> Task :react-native-async-storage_async-storage:generateReleaseRFile UP-TO-DATE
> Task :react-native-community_netinfo:compileReleaseLibraryResources UP-TO-DATE
> Task :react-native-community_netinfo:parseReleaseLocalResources UP-TO-DATE
> Task :react-native-community_netinfo:generateReleaseRFile UP-TO-DATE
> Task :react-native-gesture-handler:compileReleaseLibraryResources UP-TO-DATE
> Task :react-native-gesture-handler:parseReleaseLocalResources UP-TO-DATE
> Task :react-native-gesture-handler:generateReleaseRFile UP-TO-DATE
> Task :react-native-maps:compileReleaseLibraryResources UP-TO-DATE
> Task :react-native-maps:parseReleaseLocalResources UP-TO-DATE
> Task :react-native-maps:generateReleaseRFile UP-TO-DATE
> Task :react-native-safe-area-context:compileReleaseLibraryResources UP-TO-DATE
> Task :react-native-safe-area-context:parseReleaseLocalResources UP-TO-DATE
> Task :react-native-safe-area-context:generateReleaseRFile UP-TO-DATE
> Task :react-native-screens:compileReleaseLibraryResources UP-TO-DATE
> Task :react-native-screens:parseReleaseLocalResources UP-TO-DATE
> Task :react-native-screens:generateReleaseRFile UP-TO-DATE
> Task :react-native-svg:compileReleaseLibraryResources UP-TO-DATE
> Task :react-native-svg:parseReleaseLocalResources UP-TO-DATE
> Task :react-native-svg:generateReleaseRFile UP-TO-DATE
> Task :sentry_react-native:compileReleaseLibraryResources UP-TO-DATE
> Task :sentry_react-native:parseReleaseLocalResources UP-TO-DATE
> Task :sentry_react-native:generateReleaseRFile UP-TO-DATE
> Task :unimodules-app-loader:compileReleaseLibraryResources UP-TO-DATE
> Task :unimodules-app-loader:parseReleaseLocalResources UP-TO-DATE
> Task :unimodules-app-loader:generateReleaseRFile UP-TO-DATE
> Task :app:processReleaseResources UP-TO-DATE
> Task :expo:checkKotlinGradlePluginConfigurationErrors
> Task :expo:generateReleaseBuildConfig UP-TO-DATE
> Task :expo-application:checkKotlinGradlePluginConfigurationErrors
> Task :expo-application:generateReleaseBuildConfig UP-TO-DATE
> Task :expo-modules-core:checkKotlinGradlePluginConfigurationErrors
> Task :expo-modules-core:generateReleaseBuildConfig UP-TO-DATE
> Task :expo-modules-core:compileReleaseKotlin UP-TO-DATE
> Task :expo-modules-core:javaPreCompileRelease UP-TO-DATE
> Task :expo-modules-core:compileReleaseJavaWithJavac UP-TO-DATE
> Task :expo-modules-core:bundleLibCompileToJarRelease UP-TO-DATE
> Task :expo-application:compileReleaseKotlin UP-TO-DATE
> Task :expo-application:javaPreCompileRelease UP-TO-DATE
> Task :expo-application:compileReleaseJavaWithJavac UP-TO-DATE
> Task :expo-application:bundleLibCompileToJarRelease UP-TO-DATE
> Task :expo-asset:checkKotlinGradlePluginConfigurationErrors
> Task :expo-asset:generateReleaseBuildConfig UP-TO-DATE
> Task :expo-asset:compileReleaseKotlin UP-TO-DATE
> Task :expo-asset:javaPreCompileRelease UP-TO-DATE
> Task :expo-asset:compileReleaseJavaWithJavac UP-TO-DATE
> Task :expo-asset:bundleLibCompileToJarRelease UP-TO-DATE
> Task :expo-av:checkKotlinGradlePluginConfigurationErrors
> Task :expo-av:generateReleaseBuildConfig UP-TO-DATE
> Task :expo-av:compileReleaseKotlin UP-TO-DATE
> Task :expo-av:javaPreCompileRelease UP-TO-DATE
> Task :expo-av:compileReleaseJavaWithJavac UP-TO-DATE
> Task :expo-av:bundleLibCompileToJarRelease UP-TO-DATE
> Task :expo-constants:checkKotlinGradlePluginConfigurationErrors
> Task :expo-constants:generateReleaseBuildConfig UP-TO-DATE
> Task :expo-constants:compileReleaseKotlin UP-TO-DATE
> Task :expo-constants:javaPreCompileRelease UP-TO-DATE
> Task :expo-constants:compileReleaseJavaWithJavac UP-TO-DATE
> Task :expo-constants:bundleLibCompileToJarRelease UP-TO-DATE
> Task :expo-dev-client:checkKotlinGradlePluginConfigurationErrors
> Task :expo-dev-client:dataBindingMergeDependencyArtifactsRelease UP-TO-DATE
> Task :expo-dev-client:dataBindingGenBaseClassesRelease UP-TO-DATE
> Task :expo-dev-client:generateReleaseBuildConfig UP-TO-DATE
> Task :expo-dev-client:compileReleaseKotlin NO-SOURCE
> Task :expo-dev-client:javaPreCompileRelease UP-TO-DATE
> Task :expo-dev-client:compileReleaseJavaWithJavac UP-TO-DATE
> Task :expo-dev-client:bundleLibCompileToJarRelease UP-TO-DATE
> Task :expo-dev-launcher:checkKotlinGradlePluginConfigurationErrors
> Task :expo-dev-launcher:dataBindingMergeDependencyArtifactsRelease UP-TO-DATE
> Task :expo-dev-launcher:dataBindingGenBaseClassesRelease UP-TO-DATE
> Task :expo-dev-launcher:generateReleaseBuildConfig UP-TO-DATE
> Task :expo-dev-menu:checkKotlinGradlePluginConfigurationErrors
> Task :expo-dev-menu:generateReleaseBuildConfig UP-TO-DATE
> Task :expo-dev-menu-interface:checkKotlinGradlePluginConfigurationErrors
> Task :expo-dev-menu-interface:generateReleaseBuildConfig UP-TO-DATE
> Task :expo-dev-menu-interface:compileReleaseKotlin UP-TO-DATE
> Task :expo-dev-menu-interface:javaPreCompileRelease UP-TO-DATE
> Task :expo-dev-menu-interface:compileReleaseJavaWithJavac UP-TO-DATE
> Task :expo-dev-menu-interface:bundleLibCompileToJarRelease UP-TO-DATE
> Task :expo-json-utils:checkKotlinGradlePluginConfigurationErrors
> Task :expo-json-utils:generateReleaseBuildConfig UP-TO-DATE
> Task :expo-json-utils:compileReleaseKotlin UP-TO-DATE
> Task :expo-json-utils:javaPreCompileRelease UP-TO-DATE
> Task :expo-json-utils:compileReleaseJavaWithJavac UP-TO-DATE
> Task :expo-json-utils:bundleLibCompileToJarRelease UP-TO-DATE
> Task :expo-manifests:checkKotlinGradlePluginConfigurationErrors
> Task :expo-manifests:generateReleaseBuildConfig UP-TO-DATE
> Task :expo-manifests:compileReleaseKotlin UP-TO-DATE
> Task :expo-manifests:javaPreCompileRelease UP-TO-DATE
> Task :expo-manifests:compileReleaseJavaWithJavac UP-TO-DATE
> Task :expo-manifests:bundleLibCompileToJarRelease UP-TO-DATE
> Task :expo-dev-menu:compileReleaseKotlin UP-TO-DATE
> Task :expo-dev-menu:javaPreCompileRelease UP-TO-DATE
> Task :expo-dev-menu:compileReleaseJavaWithJavac UP-TO-DATE
> Task :expo-dev-menu:bundleLibCompileToJarRelease UP-TO-DATE
> Task :expo-updates-interface:checkKotlinGradlePluginConfigurationErrors
> Task :expo-updates-interface:generateReleaseBuildConfig UP-TO-DATE
> Task :expo-updates-interface:compileReleaseKotlin UP-TO-DATE
> Task :expo-updates-interface:javaPreCompileRelease UP-TO-DATE
> Task :expo-updates-interface:compileReleaseJavaWithJavac UP-TO-DATE
> Task :expo-updates-interface:bundleLibCompileToJarRelease UP-TO-DATE
> Task :expo-dev-launcher:compileReleaseKotlin UP-TO-DATE
> Task :expo-dev-launcher:javaPreCompileRelease UP-TO-DATE
> Task :expo-dev-launcher:compileReleaseJavaWithJavac UP-TO-DATE
> Task :expo-dev-launcher:bundleLibCompileToJarRelease UP-TO-DATE
> Task :expo-device:checkKotlinGradlePluginConfigurationErrors
> Task :expo-device:generateReleaseBuildConfig UP-TO-DATE
> Task :expo-device:compileReleaseKotlin UP-TO-DATE
> Task :expo-device:javaPreCompileRelease UP-TO-DATE
> Task :expo-device:compileReleaseJavaWithJavac UP-TO-DATE
> Task :expo-device:bundleLibCompileToJarRelease UP-TO-DATE
> Task :expo-eas-client:checkKotlinGradlePluginConfigurationErrors
> Task :expo-eas-client:generateReleaseBuildConfig UP-TO-DATE
> Task :expo-eas-client:compileReleaseKotlin UP-TO-DATE
> Task :expo-eas-client:javaPreCompileRelease UP-TO-DATE
> Task :expo-eas-client:compileReleaseJavaWithJavac UP-TO-DATE
> Task :expo-eas-client:bundleLibCompileToJarRelease UP-TO-DATE
> Task :expo-file-system:checkKotlinGradlePluginConfigurationErrors
> Task :expo-file-system:generateReleaseBuildConfig UP-TO-DATE
> Task :expo-file-system:compileReleaseKotlin UP-TO-DATE
> Task :expo-file-system:javaPreCompileRelease UP-TO-DATE
> Task :expo-file-system:compileReleaseJavaWithJavac UP-TO-DATE
> Task :expo-file-system:bundleLibCompileToJarRelease UP-TO-DATE
> Task :expo-font:checkKotlinGradlePluginConfigurationErrors
> Task :expo-font:generateReleaseBuildConfig UP-TO-DATE
> Task :expo-font:compileReleaseKotlin UP-TO-DATE
> Task :expo-font:javaPreCompileRelease UP-TO-DATE
> Task :expo-font:compileReleaseJavaWithJavac UP-TO-DATE
> Task :expo-font:bundleLibCompileToJarRelease UP-TO-DATE
> Task :expo-haptics:checkKotlinGradlePluginConfigurationErrors
> Task :expo-haptics:generateReleaseBuildConfig UP-TO-DATE
> Task :expo-haptics:compileReleaseKotlin UP-TO-DATE
> Task :expo-haptics:javaPreCompileRelease UP-TO-DATE
> Task :expo-haptics:compileReleaseJavaWithJavac UP-TO-DATE
> Task :expo-haptics:bundleLibCompileToJarRelease UP-TO-DATE
> Task :expo-image:checkKotlinGradlePluginConfigurationErrors
> Task :expo-image:generateReleaseBuildConfig UP-TO-DATE
> Task :expo-image:kaptGenerateStubsReleaseKotlin UP-TO-DATE
> Task :expo-image:kaptReleaseKotlin UP-TO-DATE
> Task :expo-image:compileReleaseKotlin UP-TO-DATE
> Task :expo-image:javaPreCompileRelease UP-TO-DATE
> Task :expo-image:compileReleaseJavaWithJavac UP-TO-DATE
> Task :expo-image:bundleLibCompileToJarRelease UP-TO-DATE
> Task :expo-image-loader:checkKotlinGradlePluginConfigurationErrors
> Task :expo-image-loader:generateReleaseBuildConfig UP-TO-DATE
> Task :expo-image-loader:compileReleaseKotlin UP-TO-DATE
> Task :expo-image-loader:javaPreCompileRelease UP-TO-DATE
> Task :expo-image-loader:compileReleaseJavaWithJavac UP-TO-DATE
> Task :expo-image-loader:bundleLibCompileToJarRelease UP-TO-DATE
> Task :expo-image-picker:checkKotlinGradlePluginConfigurationErrors
> Task :expo-image-picker:generateReleaseBuildConfig UP-TO-DATE
> Task :expo-image-picker:compileReleaseKotlin UP-TO-DATE
> Task :expo-image-picker:javaPreCompileRelease UP-TO-DATE
> Task :expo-image-picker:compileReleaseJavaWithJavac UP-TO-DATE
> Task :expo-image-picker:bundleLibCompileToJarRelease UP-TO-DATE
> Task :expo-keep-awake:checkKotlinGradlePluginConfigurationErrors
> Task :expo-keep-awake:generateReleaseBuildConfig UP-TO-DATE
> Task :expo-keep-awake:compileReleaseKotlin UP-TO-DATE
> Task :expo-keep-awake:javaPreCompileRelease UP-TO-DATE
> Task :expo-keep-awake:compileReleaseJavaWithJavac UP-TO-DATE
> Task :expo-keep-awake:bundleLibCompileToJarRelease UP-TO-DATE
> Task :expo-location:checkKotlinGradlePluginConfigurationErrors
> Task :expo-location:generateReleaseBuildConfig UP-TO-DATE
> Task :expo-location:compileReleaseKotlin UP-TO-DATE
> Task :expo-location:javaPreCompileRelease UP-TO-DATE
> Task :expo-location:compileReleaseJavaWithJavac UP-TO-DATE
> Task :expo-location:bundleLibCompileToJarRelease UP-TO-DATE
> Task :expo-notifications:checkKotlinGradlePluginConfigurationErrors
> Task :expo-notifications:generateReleaseBuildConfig UP-TO-DATE
> Task :expo-notifications:compileReleaseKotlin UP-TO-DATE
> Task :expo-notifications:javaPreCompileRelease UP-TO-DATE
> Task :expo-notifications:compileReleaseJavaWithJavac UP-TO-DATE
> Task :expo-notifications:bundleLibCompileToJarRelease UP-TO-DATE
> Task :expo-splash-screen:checkKotlinGradlePluginConfigurationErrors
> Task :expo-splash-screen:generateReleaseBuildConfig UP-TO-DATE
> Task :expo-splash-screen:compileReleaseKotlin UP-TO-DATE
> Task :expo-splash-screen:javaPreCompileRelease UP-TO-DATE
> Task :expo-splash-screen:compileReleaseJavaWithJavac UP-TO-DATE
> Task :expo-splash-screen:bundleLibCompileToJarRelease UP-TO-DATE
> Task :expo-structured-headers:checkKotlinGradlePluginConfigurationErrors
> Task :expo-structured-headers:generateReleaseBuildConfig UP-TO-DATE
> Task :expo-structured-headers:compileReleaseKotlin NO-SOURCE
> Task :expo-structured-headers:javaPreCompileRelease UP-TO-DATE
> Task :expo-structured-headers:compileReleaseJavaWithJavac UP-TO-DATE
> Task :expo-structured-headers:bundleLibCompileToJarRelease UP-TO-DATE
> Task :expo-task-manager:checkKotlinGradlePluginConfigurationErrors
> Task :expo-task-manager:generateReleaseBuildConfig UP-TO-DATE
> Task :unimodules-app-loader:checkKotlinGradlePluginConfigurationErrors
> Task :unimodules-app-loader:generateReleaseBuildConfig UP-TO-DATE
> Task :unimodules-app-loader:compileReleaseKotlin NO-SOURCE
> Task :unimodules-app-loader:javaPreCompileRelease UP-TO-DATE
> Task :unimodules-app-loader:compileReleaseJavaWithJavac UP-TO-DATE
> Task :unimodules-app-loader:bundleLibCompileToJarRelease UP-TO-DATE
> Task :expo-task-manager:compileReleaseKotlin UP-TO-DATE
> Task :expo-task-manager:javaPreCompileRelease UP-TO-DATE
> Task :expo-task-manager:compileReleaseJavaWithJavac UP-TO-DATE
> Task :expo-task-manager:bundleLibCompileToJarRelease UP-TO-DATE
> Task :expo-updates:checkKotlinGradlePluginConfigurationErrors
> Task :expo-updates:generateReleaseBuildConfig UP-TO-DATE
> Task :expo-updates:kaptGenerateStubsReleaseKotlin UP-TO-DATE
> Task :expo-updates:javaPreCompileRelease UP-TO-DATE
> Task :expo:javaPreCompileRelease UP-TO-DATE
> Task :react-native-async-storage_async-storage:generateReleaseBuildConfig UP-TO-DATE
> Task :react-native-async-storage_async-storage:javaPreCompileRelease UP-TO-DATE
> Task :react-native-async-storage_async-storage:compileReleaseJavaWithJavac UP-TO-DATE
> Task :react-native-async-storage_async-storage:bundleLibCompileToJarRelease UP-TO-DATE
> Task :react-native-community_netinfo:generateReleaseBuildConfig UP-TO-DATE
> Task :react-native-community_netinfo:javaPreCompileRelease UP-TO-DATE
> Task :react-native-community_netinfo:compileReleaseJavaWithJavac UP-TO-DATE
> Task :react-native-community_netinfo:bundleLibCompileToJarRelease UP-TO-DATE
> Task :react-native-gesture-handler:checkKotlinGradlePluginConfigurationErrors
> Task :react-native-gesture-handler:generateReleaseBuildConfig UP-TO-DATE
> Task :react-native-gesture-handler:compileReleaseKotlin UP-TO-DATE
> Task :react-native-gesture-handler:javaPreCompileRelease UP-TO-DATE
> Task :react-native-gesture-handler:compileReleaseJavaWithJavac UP-TO-DATE
> Task :react-native-gesture-handler:bundleLibCompileToJarRelease UP-TO-DATE
> Task :react-native-maps:generateReleaseBuildConfig UP-TO-DATE
> Task :react-native-maps:javaPreCompileRelease UP-TO-DATE
> Task :react-native-maps:compileReleaseJavaWithJavac UP-TO-DATE
> Task :react-native-maps:bundleLibCompileToJarRelease UP-TO-DATE
> Task :react-native-safe-area-context:checkKotlinGradlePluginConfigurationErrors
> Task :react-native-safe-area-context:generateReleaseBuildConfig UP-TO-DATE
> Task :react-native-safe-area-context:compileReleaseKotlin UP-TO-DATE
> Task :react-native-safe-area-context:javaPreCompileRelease UP-TO-DATE
> Task :react-native-safe-area-context:compileReleaseJavaWithJavac UP-TO-DATE
> Task :react-native-safe-area-context:bundleLibCompileToJarRelease UP-TO-DATE
> Task :react-native-screens:checkKotlinGradlePluginConfigurationErrors
> Task :react-native-screens:generateReleaseBuildConfig UP-TO-DATE
> Task :react-native-screens:compileReleaseKotlin UP-TO-DATE
> Task :react-native-screens:javaPreCompileRelease UP-TO-DATE
> Task :react-native-screens:compileReleaseJavaWithJavac UP-TO-DATE
> Task :react-native-screens:bundleLibCompileToJarRelease UP-TO-DATE
> Task :react-native-svg:generateReleaseBuildConfig UP-TO-DATE
> Task :react-native-svg:javaPreCompileRelease UP-TO-DATE
> Task :react-native-svg:compileReleaseJavaWithJavac UP-TO-DATE
> Task :react-native-svg:bundleLibCompileToJarRelease UP-TO-DATE
> Task :sentry_react-native:generateReleaseBuildConfig UP-TO-DATE
> Task :sentry_react-native:javaPreCompileRelease UP-TO-DATE
> Task :sentry_react-native:compileReleaseJavaWithJavac UP-TO-DATE
> Task :sentry_react-native:bundleLibCompileToJarRelease UP-TO-DATE
> Task :app:javaPreCompileRelease UP-TO-DATE
> Task :app:extractProguardFiles UP-TO-DATE
> Task :expo:mergeReleaseJniLibFolders UP-TO-DATE
> Task :expo:mergeReleaseNativeLibs NO-SOURCE
> Task :expo:stripReleaseDebugSymbols NO-SOURCE
> Task :expo:copyReleaseJniLibsProjectAndLocalJars UP-TO-DATE
> Task :expo:extractDeepLinksForAarRelease UP-TO-DATE
> Task :expo:mergeReleaseShaders UP-TO-DATE
> Task :expo:compileReleaseShaders NO-SOURCE
> Task :expo:generateReleaseAssets UP-TO-DATE
> Task :expo:packageReleaseAssets UP-TO-DATE
> Task :expo:prepareLintJarForPublish UP-TO-DATE
> Task :expo:prepareReleaseArtProfile UP-TO-DATE
> Task :expo-application:mergeReleaseJniLibFolders UP-TO-DATE
> Task :expo-application:mergeReleaseNativeLibs NO-SOURCE
> Task :expo-application:stripReleaseDebugSymbols NO-SOURCE
> Task :expo-application:copyReleaseJniLibsProjectAndLocalJars UP-TO-DATE
> Task :expo-application:extractDeepLinksForAarRelease UP-TO-DATE
> Task :expo-application:extractReleaseAnnotations UP-TO-DATE
> Task :expo-application:mergeReleaseGeneratedProguardFiles UP-TO-DATE
> Task :expo-application:mergeReleaseConsumerProguardFiles UP-TO-DATE
> Task :expo-application:mergeReleaseShaders UP-TO-DATE
> Task :expo-application:compileReleaseShaders NO-SOURCE
> Task :expo-application:generateReleaseAssets UP-TO-DATE
> Task :expo-application:packageReleaseAssets UP-TO-DATE
> Task :expo-application:prepareLintJarForPublish UP-TO-DATE
> Task :expo-application:prepareReleaseArtProfile UP-TO-DATE
> Task :expo-application:processReleaseJavaRes UP-TO-DATE
> Task :expo-application:mergeReleaseJavaResource UP-TO-DATE
> Task :expo-application:syncReleaseLibJars UP-TO-DATE
> Task :expo-application:bundleReleaseLocalLintAar UP-TO-DATE
> Task :expo-asset:mergeReleaseJniLibFolders UP-TO-DATE
> Task :expo-asset:mergeReleaseNativeLibs NO-SOURCE
> Task :expo-asset:stripReleaseDebugSymbols NO-SOURCE
> Task :expo-asset:copyReleaseJniLibsProjectAndLocalJars UP-TO-DATE
> Task :expo-asset:extractDeepLinksForAarRelease UP-TO-DATE
> Task :expo-asset:extractReleaseAnnotations UP-TO-DATE
> Task :expo-asset:mergeReleaseGeneratedProguardFiles UP-TO-DATE
> Task :expo-asset:mergeReleaseConsumerProguardFiles UP-TO-DATE
> Task :expo-asset:mergeReleaseShaders UP-TO-DATE
> Task :expo-asset:compileReleaseShaders NO-SOURCE
> Task :expo-asset:generateReleaseAssets UP-TO-DATE
> Task :expo-asset:packageReleaseAssets UP-TO-DATE
> Task :expo-asset:prepareLintJarForPublish UP-TO-DATE
> Task :expo-asset:prepareReleaseArtProfile UP-TO-DATE
> Task :expo-asset:processReleaseJavaRes UP-TO-DATE
> Task :expo-asset:mergeReleaseJavaResource UP-TO-DATE
> Task :expo-asset:syncReleaseLibJars UP-TO-DATE
> Task :expo-asset:bundleReleaseLocalLintAar UP-TO-DATE

> Task :expo-av:configureCMakeRelWithDebInfo[arm64-v8a]
[CXX5304] This version only understands SDK XML versions up to 3 but an SDK XML file of version 4 was encountered. This can happen if you use versions of Android Studio and the command-line tools that were released at different times.
[CXX5304] This version only understands SDK XML versions up to 3 but an SDK XML file of version 4 was encountered. This can happen if you use versions of Android Studio and the command-line tools that were released at different times.
[CXX5304] Observed package id 'ndk;26.1.10909125' in inconsistent location 'C:\Users\ASUS\AppData\Local\Android\Sdk\ndk\26.1.10909125.linux-bak' (Expected 'C:\Users\ASUS\AppData\Local\Android\Sdk\ndk\26.1.10909125')
[CXX5304] Observed package id 'ndk;26.1.10909125' in inconsistent location 'C:\Users\ASUS\AppData\Local\Android\Sdk\ndk\26.1.10909125.linux-bak' (Expected 'C:\Users\ASUS\AppData\Local\Android\Sdk\ndk\26.1.10909125')

> Task :expo-av:buildCMakeRelWithDebInfo[arm64-v8a]
> Task :expo-av:configureCMakeRelWithDebInfo[armeabi-v7a]

> Task :expo-updates:kaptReleaseKotlin
gradlew.bat : Unexpected IOException
At line:1 char:105
+ ... $env:PATH"; & '.\gradlew.bat' assembleRelease --no-daemon --console=p ...
+                 ~~~~~~~~~~~~~~~~~~~~~~~~~~~~~~~~~~~~~~~~~~~~~~~~~~~~~~~~~
    + CategoryInfo          : NotSpecified: (Unexpected IOException:String) [], RemoteException
    + FullyQualifiedErrorId : NativeCommandError
 
java.nio.file.AccessDeniedException: C:\Windows\sqlite-3.46.1.3-dd6aa3d2-225f-4c0a-8450-986ee66e3eac-sqlitejdbc.dll.lck
	at java.base/sun.nio.fs.WindowsException.translateToIOException(WindowsException.java:89)
	at java.base/sun.nio.fs.WindowsException.rethrowAsIOException(WindowsException.java:103)
	at java.base/sun.nio.fs.WindowsException.rethrowAsIOException(WindowsException.java:108)
	at java.base/sun.nio.fs.WindowsFileSystemProvider.newByteChannel(WindowsFileSystemProvider.java:236)
	at java.base/java.nio.file.Files.newByteChannel(Files.java:380)
	at java.base/java.nio.file.Files.createFile(Files.java:658)
	at org.sqlite.SQLiteJDBCLoader.extractAndLoadLibraryFile(SQLiteJDBCLoader.java:196)
	at org.sqlite.SQLiteJDBCLoader.loadSQLiteNativeLibrary(SQLiteJDBCLoader.java:330)
	at org.sqlite.SQLiteJDBCLoader.initialize(SQLiteJDBCLoader.java:75)
	at androidx.room.verifier.DatabaseVerifier.<clinit>(DatabaseVerifier.kt:79)
	at androidx.room.processor.DatabaseProcessor.doProcess(DatabaseProcessor.kt:81)
	at androidx.room.processor.DatabaseProcessor.process(DatabaseProcessor.kt:60)
	at androidx.room.DatabaseProcessingStep$process$databases$1$1.invoke(DatabaseProcessingStep.kt:68)
	at androidx.room.DatabaseProcessingStep$process$databases$1$1.invoke(DatabaseProcessingStep.kt:64)
	at androidx.room.processor.Context.collectLogs(Context.kt:192)
	at androidx.room.DatabaseProcessingStep.process(DatabaseProcessingStep.kt:64)
	at androidx.room.compiler.processing.CommonProcessorDelegate.processRound(XBasicAnnotationProcessor.kt:130)
	at androidx.room.compiler.processing.javac.JavacBasicAnnotationProcessor.process(JavacBasicAnnotationProcessor.kt:73)
	at org.jetbrains.kotlin.kapt3.base.incremental.IncrementalProcessor.process(incrementalProcessors.kt:90)
	at org.jetbrains.kotlin.kapt3.base.ProcessorWrapper.process(annotationProcessing.kt:209)
	at jdk.compiler/com.sun.tools.javac.processing.JavacProcessingEnvironment.callProcessor(JavacProcessingEnvironment.jav
a:1023)
	at jdk.compiler/com.sun.tools.javac.processing.JavacProcessingEnvironment.discoverAndRunProcs(JavacProcessingEnvironme
nt.java:939)
	at 
jdk.compiler/com.sun.tools.javac.processing.JavacProcessingEnvironment$Round.run(JavacProcessingEnvironment.java:1267)
	at jdk.compiler/com.sun.tools.javac.processing.JavacProcessingEnvironment.doProcessing(JavacProcessingEnvironment.java
:1382)
	at jdk.compiler/com.sun.tools.javac.main.JavaCompiler.processAnnotations(JavaCompiler.java:1234)
	at java.base/jdk.internal.reflect.NativeMethodAccessorImpl.invoke0(Native Method)
	at java.base/jdk.internal.reflect.NativeMethodAccessorImpl.invoke(NativeMethodAccessorImpl.java:77)
	at java.base/jdk.internal.reflect.DelegatingMethodAccessorImpl.invoke(DelegatingMethodAccessorImpl.java:43)
	at java.base/java.lang.reflect.Method.invoke(Method.java:569)
	at org.jetbrains.kotlin.kapt3.base.AnnotationProcessingKt.doAnnotationProcessing(annotationProcessing.kt:92)
	at org.jetbrains.kotlin.kapt3.base.AnnotationProcessingKt.doAnnotationProcessing$default(annotationProcessing.kt:33)
	at org.jetbrains.kotlin.kapt3.base.Kapt.kapt(Kapt.kt:47)
	at java.base/jdk.internal.reflect.NativeMethodAccessorImpl.invoke0(Native Method)
	at java.base/jdk.internal.reflect.NativeMethodAccessorImpl.invoke(NativeMethodAccessorImpl.java:77)
	at java.base/jdk.internal.reflect.DelegatingMethodAccessorImpl.invoke(DelegatingMethodAccessorImpl.java:43)
	at java.base/java.lang.reflect.Method.invoke(Method.java:569)
	at org.jetbrains.kotlin.gradle.internal.KaptExecution.run(KaptWithoutKotlincTask.kt:320)
	at org.jetbrains.kotlin.gradle.internal.KaptWithoutKotlincTask$KaptExecutionWorkAction.execute(KaptWithoutKotlincTask.
kt:266)
	at org.gradle.workers.internal.DefaultWorkerServer.execute(DefaultWorkerServer.java:63)
	at org.gradle.workers.internal.AbstractClassLoaderWorker$1.create(AbstractClassLoaderWorker.java:54)
	at org.gradle.workers.internal.AbstractClassLoaderWorker$1.create(AbstractClassLoaderWorker.java:48)
	at org.gradle.internal.classloader.ClassLoaderUtils.executeInClassloader(ClassLoaderUtils.java:100)
	at org.gradle.workers.internal.AbstractClassLoaderWorker.executeInClassLoader(AbstractClassLoaderWorker.java:48)
	at org.gradle.workers.internal.IsolatedClassloaderWorker.run(IsolatedClassloaderWorker.java:49)
	at org.gradle.workers.internal.IsolatedClassloaderWorker.run(IsolatedClassloaderWorker.java:30)
	at org.gradle.workers.internal.WorkerDaemonServer.run(WorkerDaemonServer.java:102)
	at org.gradle.workers.internal.WorkerDaemonServer.run(WorkerDaemonServer.java:71)
	at org.gradle.process.internal.worker.request.WorkerAction$1.call(WorkerAction.java:146)
	at org.gradle.process.internal.worker.child.WorkerLogEventListener.withWorkerLoggingProtocol(WorkerLogEventListener.ja
va:41)
	at org.gradle.process.internal.worker.request.WorkerAction.lambda$run$0(WorkerAction.java:143)
	at org.gradle.internal.operations.CurrentBuildOperationRef.with(CurrentBuildOperationRef.java:80)
	at org.gradle.process.internal.worker.request.WorkerAction.run(WorkerAction.java:135)
	at java.base/jdk.internal.reflect.NativeMethodAccessorImpl.invoke0(Native Method)
	at java.base/jdk.internal.reflect.NativeMethodAccessorImpl.invoke(NativeMethodAccessorImpl.java:77)
	at java.base/jdk.internal.reflect.DelegatingMethodAccessorImpl.invoke(DelegatingMethodAccessorImpl.java:43)
	at java.base/java.lang.reflect.Method.invoke(Method.java:569)
	at org.gradle.internal.dispatch.ReflectionDispatch.dispatch(ReflectionDispatch.java:36)
	at org.gradle.internal.dispatch.ReflectionDispatch.dispatch(ReflectionDispatch.java:24)
	at org.gradle.internal.remote.internal.hub.MessageHubBackedObjectConnection$DispatchWrapper.dispatch(MessageHubBackedO
bjectConnection.java:182)
	at org.gradle.internal.remote.internal.hub.MessageHubBackedObjectConnection$DispatchWrapper.dispatch(MessageHubBackedO
bjectConnection.java:164)
	at org.gradle.internal.remote.internal.hub.MessageHub$Handler.run(MessageHub.java:414)
	at org.gradle.internal.concurrent.ExecutorPolicy$CatchAndRecordFailures.onExecute(ExecutorPolicy.java:64)
	at org.gradle.internal.concurrent.AbstractManagedExecutor$1.run(AbstractManagedExecutor.java:47)
	at java.base/java.util.concurrent.ThreadPoolExecutor.runWorker(ThreadPoolExecutor.java:1136)
	at java.base/java.util.concurrent.ThreadPoolExecutor$Worker.run(ThreadPoolExecutor.java:635)
	at java.base/java.lang.Thread.run(Thread.java:840)

> Task :expo-av:buildCMakeRelWithDebInfo[armeabi-v7a]
> Task :expo-av:configureCMakeRelWithDebInfo[x86]
> Task :expo-av:buildCMakeRelWithDebInfo[x86]
> Task :expo-av:configureCMakeRelWithDebInfo[x86_64]
> Task :expo-av:buildCMakeRelWithDebInfo[x86_64]
> Task :expo-av:mergeReleaseJniLibFolders
> Task :expo-av:extractDeepLinksForAarRelease UP-TO-DATE
> Task :expo-av:mergeReleaseNativeLibs
> Task :expo-av:extractReleaseAnnotations
> Task :expo-av:mergeReleaseGeneratedProguardFiles UP-TO-DATE
> Task :expo-av:mergeReleaseConsumerProguardFiles UP-TO-DATE
> Task :expo-av:mergeReleaseShaders
> Task :expo-av:compileReleaseShaders NO-SOURCE
> Task :expo-av:generateReleaseAssets UP-TO-DATE
> Task :expo-av:packageReleaseAssets
> Task :expo-av:prepareLintJarForPublish UP-TO-DATE
> Task :expo-av:prepareReleaseArtProfile UP-TO-DATE
> Task :expo-av:processReleaseJavaRes
> Task :expo-constants:mergeReleaseJniLibFolders
> Task :expo-constants:mergeReleaseNativeLibs NO-SOURCE
> Task :expo-constants:stripReleaseDebugSymbols NO-SOURCE
> Task :expo-constants:extractDeepLinksForAarRelease UP-TO-DATE
> Task :expo-constants:extractReleaseAnnotations
> Task :expo-constants:mergeReleaseGeneratedProguardFiles UP-TO-DATE
> Task :expo-constants:mergeReleaseConsumerProguardFiles UP-TO-DATE
> Task :expo-constants:copyReleaseJniLibsProjectAndLocalJars
> Task :expo-constants:mergeReleaseShaders
> Task :expo-constants:compileReleaseShaders NO-SOURCE
> Task :expo-constants:generateReleaseAssets UP-TO-DATE
> Task :expo-constants:packageReleaseAssets
> Task :expo-av:mergeReleaseJavaResource
> Task :expo-constants:prepareLintJarForPublish UP-TO-DATE
> Task :expo-av:stripReleaseDebugSymbols
> Task :expo-av:syncReleaseLibJars
> Task :expo-constants:prepareReleaseArtProfile UP-TO-DATE
> Task :expo-av:copyReleaseJniLibsProjectAndLocalJars
> Task :expo-constants:processReleaseJavaRes
> Task :expo-av:bundleReleaseLocalLintAar
> Task :expo-constants:mergeReleaseJavaResource
> Task :expo-constants:syncReleaseLibJars
> Task :expo-constants:bundleReleaseLocalLintAar
> Task :expo-dev-client:mergeReleaseJniLibFolders
> Task :expo-dev-client:mergeReleaseNativeLibs NO-SOURCE
> Task :expo-dev-client:stripReleaseDebugSymbols NO-SOURCE
> Task :expo-dev-client:copyReleaseJniLibsProjectAndLocalJars
> Task :expo-dev-client:extractDeepLinksForAarRelease UP-TO-DATE
> Task :expo-dev-client:extractReleaseAnnotations
> Task :expo-dev-client:mergeReleaseGeneratedProguardFiles UP-TO-DATE
> Task :expo-dev-client:mergeReleaseConsumerProguardFiles UP-TO-DATE
> Task :expo-dev-client:mergeReleaseShaders
> Task :expo-dev-client:compileReleaseShaders NO-SOURCE
> Task :expo-dev-client:generateReleaseAssets UP-TO-DATE
> Task :expo-dev-client:packageReleaseAssets
> Task :expo-dev-client:prepareLintJarForPublish UP-TO-DATE
> Task :expo-dev-client:prepareReleaseArtProfile UP-TO-DATE
> Task :expo-dev-client:processReleaseJavaRes NO-SOURCE
> Task :expo-dev-client:mergeReleaseJavaResource
> Task :expo-dev-launcher:mergeReleaseJniLibFolders
> Task :expo-updates:compileReleaseKotlin
> Task :expo-dev-client:syncReleaseLibJars
> Task :expo-dev-client:bundleReleaseLocalLintAar
> Task :expo-dev-launcher:mergeReleaseNativeLibs NO-SOURCE
> Task :expo-dev-launcher:stripReleaseDebugSymbols NO-SOURCE
> Task :expo-dev-launcher:copyReleaseJniLibsProjectAndLocalJars
> Task :expo-dev-launcher:extractDeepLinksForAarRelease UP-TO-DATE
> Task :expo-dev-launcher:extractReleaseAnnotations
> Task :expo-dev-launcher:mergeReleaseGeneratedProguardFiles UP-TO-DATE
> Task :expo-dev-launcher:mergeReleaseConsumerProguardFiles UP-TO-DATE
> Task :expo-dev-launcher:mergeReleaseShaders
> Task :expo-dev-launcher:compileReleaseShaders NO-SOURCE
> Task :expo-dev-launcher:generateReleaseAssets UP-TO-DATE
> Task :expo-dev-launcher:packageReleaseAssets
> Task :expo-dev-launcher:prepareLintJarForPublish UP-TO-DATE
> Task :expo-dev-launcher:prepareReleaseArtProfile UP-TO-DATE
> Task :expo-dev-launcher:processReleaseJavaRes
> Task :expo-dev-launcher:mergeReleaseJavaResource
> Task :expo-dev-menu:mergeReleaseJniLibFolders
> Task :expo-dev-launcher:syncReleaseLibJars
> Task :expo-dev-launcher:bundleReleaseLocalLintAar
> Task :expo-dev-menu:mergeReleaseNativeLibs NO-SOURCE
> Task :expo-dev-menu:stripReleaseDebugSymbols NO-SOURCE
> Task :expo-dev-menu:copyReleaseJniLibsProjectAndLocalJars
> Task :expo-dev-menu:extractDeepLinksForAarRelease UP-TO-DATE
> Task :expo-dev-menu:extractReleaseAnnotations
> Task :expo-dev-menu:mergeReleaseGeneratedProguardFiles UP-TO-DATE
> Task :expo-dev-menu:mergeReleaseConsumerProguardFiles UP-TO-DATE
> Task :expo-dev-menu:mergeReleaseShaders
> Task :expo-dev-menu:compileReleaseShaders NO-SOURCE
> Task :expo-dev-menu:generateReleaseAssets UP-TO-DATE
> Task :expo-dev-menu:packageReleaseAssets
> Task :expo-dev-menu:prepareLintJarForPublish UP-TO-DATE
> Task :expo-dev-menu:prepareReleaseArtProfile UP-TO-DATE
> Task :expo-dev-menu:processReleaseJavaRes
> Task :expo-dev-menu:mergeReleaseJavaResource
> Task :expo-device:mergeReleaseJniLibFolders
> Task :expo-dev-menu:syncReleaseLibJars
> Task :expo-dev-menu:bundleReleaseLocalLintAar
> Task :expo-device:mergeReleaseNativeLibs NO-SOURCE
> Task :expo-device:stripReleaseDebugSymbols NO-SOURCE
> Task :expo-device:copyReleaseJniLibsProjectAndLocalJars
> Task :expo-device:extractDeepLinksForAarRelease UP-TO-DATE
> Task :expo-device:extractReleaseAnnotations
> Task :expo-device:mergeReleaseGeneratedProguardFiles UP-TO-DATE
> Task :expo-device:mergeReleaseConsumerProguardFiles UP-TO-DATE
> Task :expo-device:mergeReleaseShaders
> Task :expo-device:compileReleaseShaders NO-SOURCE
> Task :expo-device:generateReleaseAssets UP-TO-DATE
> Task :expo-device:packageReleaseAssets
> Task :expo-device:prepareLintJarForPublish UP-TO-DATE
> Task :expo-device:prepareReleaseArtProfile UP-TO-DATE
> Task :expo-device:processReleaseJavaRes
> Task :expo-device:mergeReleaseJavaResource
> Task :expo-device:syncReleaseLibJars
> Task :expo-device:bundleReleaseLocalLintAar
> Task :expo-updates:mergeReleaseJniLibFolders
> Task :expo-updates:mergeReleaseNativeLibs NO-SOURCE
> Task :expo-updates:stripReleaseDebugSymbols NO-SOURCE
> Task :expo-updates:copyReleaseJniLibsProjectAndLocalJars
> Task :expo-updates:extractDeepLinksForAarRelease UP-TO-DATE
> Task :expo-updates:mergeReleaseShaders
> Task :expo-updates:compileReleaseShaders NO-SOURCE
> Task :expo-updates:generateReleaseAssets UP-TO-DATE
> Task :expo-updates:packageReleaseAssets
> Task :expo-updates:prepareLintJarForPublish UP-TO-DATE
> Task :expo-updates:prepareReleaseArtProfile UP-TO-DATE
> Task :expo-eas-client:mergeReleaseJniLibFolders
> Task :expo-eas-client:mergeReleaseNativeLibs NO-SOURCE
> Task :expo-eas-client:stripReleaseDebugSymbols NO-SOURCE
> Task :expo-eas-client:copyReleaseJniLibsProjectAndLocalJars
> Task :expo-eas-client:extractDeepLinksForAarRelease UP-TO-DATE
> Task :expo-eas-client:extractReleaseAnnotations
> Task :expo-eas-client:mergeReleaseGeneratedProguardFiles UP-TO-DATE
> Task :expo-eas-client:mergeReleaseConsumerProguardFiles UP-TO-DATE
> Task :expo-eas-client:mergeReleaseShaders
> Task :expo-eas-client:compileReleaseShaders NO-SOURCE
> Task :expo-eas-client:generateReleaseAssets UP-TO-DATE
> Task :expo-eas-client:packageReleaseAssets
> Task :expo-eas-client:prepareLintJarForPublish UP-TO-DATE
> Task :expo-eas-client:prepareReleaseArtProfile UP-TO-DATE
> Task :expo-eas-client:processReleaseJavaRes
> Task :expo-eas-client:mergeReleaseJavaResource
> Task :expo-file-system:mergeReleaseJniLibFolders
> Task :expo-eas-client:syncReleaseLibJars
> Task :expo-eas-client:bundleReleaseLocalLintAar
> Task :expo-file-system:mergeReleaseNativeLibs NO-SOURCE
> Task :expo-file-system:stripReleaseDebugSymbols NO-SOURCE
> Task :expo-file-system:copyReleaseJniLibsProjectAndLocalJars
> Task :expo-file-system:extractDeepLinksForAarRelease UP-TO-DATE
> Task :expo-file-system:extractReleaseAnnotations
> Task :expo-file-system:mergeReleaseGeneratedProguardFiles UP-TO-DATE
> Task :expo-file-system:mergeReleaseConsumerProguardFiles UP-TO-DATE
> Task :expo-file-system:mergeReleaseShaders
> Task :expo-file-system:compileReleaseShaders NO-SOURCE
> Task :expo-file-system:generateReleaseAssets UP-TO-DATE
> Task :expo-file-system:packageReleaseAssets
> Task :expo-file-system:prepareLintJarForPublish UP-TO-DATE
> Task :expo-file-system:prepareReleaseArtProfile UP-TO-DATE
> Task :expo-file-system:processReleaseJavaRes
> Task :expo-file-system:mergeReleaseJavaResource
> Task :expo-font:mergeReleaseJniLibFolders

> Task :expo-updates:compileReleaseKotlin
w: file:///D:/itvision-1/mobile/consumer/node_modules/expo-updates/android/src/main/java/expo/modules/updates/DisabledUpdatesController.kt:63:20 This class shouldn't be used in Kotlin. Use kotlin.Any instead.
w: file:///D:/itvision-1/mobile/consumer/node_modules/expo-updates/android/src/main/java/expo/modules/updates/DisabledUpdatesController.kt:164:14 This class shouldn't be used in Kotlin. Use kotlin.Any instead.
w: file:///D:/itvision-1/mobile/consumer/node_modules/expo-updates/android/src/main/java/expo/modules/updates/EnabledUpdatesController.kt:5:19 'AsyncTask<Params : Any!, Progress : Any!, Result : Any!>' is deprecated. Deprecated in Java
w: file:///D:/itvision-1/mobile/consumer/node_modules/expo-updates/android/src/main/java/expo/modules/updates/EnabledUpdatesController.kt:79:39 This class shouldn't be used in Kotlin. Use kotlin.Any instead.
w: file:///D:/itvision-1/mobile/consumer/node_modules/expo-updates/android/src/main/java/expo/modules/updates/EnabledUpdatesController.kt:114:20 This class shouldn't be used in Kotlin. Use kotlin.Any instead.
w: file:///D:/itvision-1/mobile/consumer/node_modules/expo-updates/android/src/main/java/expo/modules/updates/EnabledUpdatesController.kt:232:5 'AsyncTask<Params : Any!, Progress : Any!, Result : Any!>' is deprecated. Deprecated in Java
w: file:///D:/itvision-1/mobile/consumer/node_modules/expo-updates/android/src/main/java/expo/modules/updates/EnabledUpdatesController.kt:232:15 'execute(Runnable!): Unit' is deprecated. Deprecated in Java
w: file:///D:/itvision-1/mobile/consumer/node_modules/expo-updates/android/src/main/java/expo/modules/updates/EnabledUpdatesController.kt:258:5 'AsyncTask<Params : Any!, Progress : Any!, Result : Any!>' is deprecated. Deprecated in Java
w: file:///D:/itvision-1/mobile/consumer/node_modules/expo-updates/android/src/main/java/expo/modules/updates/EnabledUpdatesController.kt:258:15 'execute(Runnable!): Unit' is deprecated. Deprecated in Java
w: file:///D:/itvision-1/mobile/consumer/node_modules/expo-updates/android/src/main/java/expo/modules/updates/UpdatesConfiguration.kt:189:13 'get(String!): Any?' is deprecated. Deprecated in Java
w: file:///D:/itvision-1/mobile/consumer/node_modules/expo-updates/android/src/main/java/expo/modules/updates/UpdatesDevLauncherController.kt:4:19 'AsyncTask<Params : Any!, Progress : Any!, Result : Any!>' is deprecated. Deprecated in Java
w: file:///D:/itvision-1/mobile/consumer/node_modules/expo-updates/android/src/main/java/expo/modules/updates/UpdatesDevLauncherController.kt:183:138 'getRawJson(): JSONObject' is deprecated. Prefer to use specific field getters
w: file:///D:/itvision-1/mobile/consumer/node_modules/expo-updates/android/src/main/java/expo/modules/updates/UpdatesDevLauncherController.kt:290:5 'AsyncTask<Params : Any!, Progress : Any!, Result : Any!>' is deprecated. Deprecated in Java
w: file:///D:/itvision-1/mobile/consumer/node_modules/expo-updates/android/src/main/java/expo/modules/updates/UpdatesDevLauncherController.kt:290:15 'execute(Runnable!): Unit' is deprecated. Deprecated in Java
w: file:///D:/itvision-1/mobile/consumer/node_modules/expo-updates/android/src/main/java/expo/modules/updates/UpdatesModule.kt:4:19 'AsyncTask<Params : Any!, Progress : Any!, Result : Any!>' is deprecated. Deprecated in Java
w: file:///D:/itvision-1/mobile/consumer/node_modules/expo-updates/android/src/main/java/expo/modules/updates/UpdatesModule.kt:151:46 'toString(): String' is deprecated. Prefer to use specific field getters
w: file:///D:/itvision-1/mobile/consumer/node_modules/expo-updates/android/src/main/java/expo/modules/updates/UpdatesModule.kt:240:7 'AsyncTask<Params : Any!, Progress : Any!, Result : Any!>' is deprecated. Deprecated in Java
w: file:///D:/itvision-1/mobile/consumer/node_modules/expo-updates/android/src/main/java/expo/modules/updates/UpdatesModule.kt:240:17 'execute(Runnable!): Unit' is deprecated. Deprecated in Java
w: file:///D:/itvision-1/mobile/consumer/node_modules/expo-updates/android/src/main/java/expo/modules/updates/UpdatesModule.kt:246:7 'AsyncTask<Params : Any!, Progress : Any!, Result : Any!>' is deprecated. Deprecated in Java
w: file:///D:/itvision-1/mobile/consumer/node_modules/expo-updates/android/src/main/java/expo/modules/updates/UpdatesModule.kt:246:17 'execute(Runnable!): Unit' is deprecated. Deprecated in Java
w: file:///D:/itvision-1/mobile/consumer/node_modules/expo-updates/android/src/main/java/expo/modules/updates/db/Converters.kt:56:30 Type mismatch: inferred type is ByteArray? but ByteArray was expected
w: file:///D:/itvision-1/mobile/consumer/node_modules/expo-updates/android/src/main/java/expo/modules/updates/db/Converters.kt:98:21 Parameter 'value' is never used
w: file:///D:/itvision-1/mobile/consumer/node_modules/expo-updates/android/src/main/java/expo/modules/updates/db/Converters.kt:103:21 Parameter 'hashType' is never used
w: file:///D:/itvision-1/mobile/consumer/node_modules/expo-updates/android/src/main/java/expo/modules/updates/db/DatabaseHolder.kt:24:20 This class shouldn't be used in Kotlin. Use kotlin.Any instead.
w: file:///D:/itvision-1/mobile/consumer/node_modules/expo-updates/android/src/main/java/expo/modules/updates/db/DatabaseHolder.kt:36:14 This class shouldn't be used in Kotlin. Use kotlin.Any instead.
w: file:///D:/itvision-1/mobile/consumer/node_modules/expo-updates/android/src/main/java/expo/modules/updates/db/DatabaseIntegrityCheck.kt:38:39 Type mismatch: inferred type is String? but String was expected
w: file:///D:/itvision-1/mobile/consumer/node_modules/expo-updates/android/src/main/java/expo/modules/updates/db/Reaper.kt:50:41 Type mismatch: inferred type is String? but String was expected
w: file:///D:/itvision-1/mobile/consumer/node_modules/expo-updates/android/src/main/java/expo/modules/updates/db/Reaper.kt:68:41 Type mismatch: inferred type is String? but String was expected
w: file:///D:/itvision-1/mobile/consumer/node_modules/expo-updates/android/src/main/java/expo/modules/updates/db/UpdatesDatabase.kt:107:28 The corresponding parameter in the supertype 'Migration' is named 'db'. This may cause problems when calling this function with named arguments.
w: file:///D:/itvision-1/mobile/consumer/node_modules/expo-updates/android/src/main/java/expo/modules/updates/db/UpdatesDatabase.kt:122:28 The corresponding parameter in the supertype 'Migration' is named 'db'. This may cause problems when calling this function with named arguments.
w: file:///D:/itvision-1/mobile/consumer/node_modules/expo-updates/android/src/main/java/expo/modules/updates/db/UpdatesDatabase.kt:144:28 The corresponding parameter in the supertype 'Migration' is named 'db'. This may cause problems when calling this function with named arguments.
w: file:///D:/itvision-1/mobile/consumer/node_modules/expo-updates/android/src/main/java/expo/modules/updates/db/UpdatesDatabase.kt:162:28 The corresponding parameter in the supertype 'Migration' is named 'db'. This may cause problems when calling this function with named arguments.
w: file:///D:/itvision-1/mobile/consumer/node_modules/expo-updates/android/src/main/java/expo/modules/updates/db/UpdatesDatabase.kt:181:28 The corresponding parameter in the supertype 'Migration' is named 'db'. This may cause problems when calling this function with named arguments.
w: file:///D:/itvision-1/mobile/consumer/node_modules/expo-updates/android/src/main/java/expo/modules/updates/db/UpdatesDatabase.kt:189:28 The corresponding parameter in the supertype 'Migration' is named 'db'. This may cause problems when calling this function with named arguments.
w: file:///D:/itvision-1/mobile/consumer/node_modules/expo-updates/android/src/main/java/expo/modules/updates/db/UpdatesDatabase.kt:197:28 The corresponding parameter in the supertype 'Migration' is named 'db'. This may cause problems when calling this function with named arguments.
w: file:///D:/itvision-1/mobile/consumer/node_modules/expo-updates/android/src/main/java/expo/modules/updates/db/UpdatesDatabase.kt:208:28 The corresponding parameter in the supertype 'Migration' is named 'db'. This may cause problems when calling this function with named arguments.
w: file:///D:/itvision-1/mobile/consumer/node_modules/expo-updates/android/src/main/java/expo/modules/updates/launcher/NoDatabaseLauncher.kt:4:19 'AsyncTask<Params : Any!, Progress : Any!, Result : Any!>' is deprecated. Deprecated in Java
w: file:///D:/itvision-1/mobile/consumer/node_modules/expo-updates/android/src/main/java/expo/modules/updates/launcher/NoDatabaseLauncher.kt:61:7 'AsyncTask<Params : Any!, Progress : Any!, Result : Any!>' is deprecated. Deprecated in Java
w: file:///D:/itvision-1/mobile/consumer/node_modules/expo-updates/android/src/main/java/expo/modules/updates/launcher/NoDatabaseLauncher.kt:61:17 'execute(Runnable!): Unit' is deprecated. Deprecated in Java
w: file:///D:/itvision-1/mobile/consumer/node_modules/expo-updates/android/src/main/java/expo/modules/updates/loader/FileDownloader.kt:210:27 'constructor MultipartStream(InputStream!, ByteArray!)' is deprecated. Deprecated in Java
w: file:///D:/itvision-1/mobile/consumer/node_modules/expo-updates/android/src/main/java/expo/modules/updates/loader/Loader.kt:242:13 Type mismatch: inferred type is String? but String was expected
w: file:///D:/itvision-1/mobile/consumer/node_modules/expo-updates/android/src/main/java/expo/modules/updates/loader/Loader.kt:285:7 'when' is exhaustive so 'else' is redundant here
w: file:///D:/itvision-1/mobile/consumer/node_modules/expo-updates/android/src/main/java/expo/modules/updates/loader/Loader.kt:306:65 Type mismatch: inferred type is String? but String was expected
w: file:///D:/itvision-1/mobile/consumer/node_modules/expo-updates/android/src/main/java/expo/modules/updates/loader/LoaderTask.kt:4:19 'AsyncTask<Params : Any!, Progress : Any!, Result : Any!>' is deprecated. Deprecated in Java
w: file:///D:/itvision-1/mobile/consumer/node_modules/expo-updates/android/src/main/java/expo/modules/updates/loader/LoaderTask.kt:350:5 'AsyncTask<Params : Any!, Progress : Any!, Result : Any!>' is deprecated. Deprecated in Java
w: file:///D:/itvision-1/mobile/consumer/node_modules/expo-updates/android/src/main/java/expo/modules/updates/loader/LoaderTask.kt:350:15 'execute(Runnable!): Unit' is deprecated. Deprecated in Java
w: file:///D:/itvision-1/mobile/consumer/node_modules/expo-updates/android/src/main/java/expo/modules/updates/loader/LoaderTask.kt:403:105 'getRawJson(): JSONObject' is deprecated. Prefer to use specific field getters
w: file:///D:/itvision-1/mobile/consumer/node_modules/expo-updates/android/src/main/java/expo/modules/updates/loader/LoaderTask.kt:479:5 'AsyncTask<Params : Any!, Progress : Any!, Result : Any!>' is deprecated. Deprecated in Java
w: file:///D:/itvision-1/mobile/consumer/node_modules/expo-updates/android/src/main/java/expo/modules/updates/loader/LoaderTask.kt:479:15 'execute(Runnable!): Unit' is deprecated. Deprecated in Java
w: file:///D:/itvision-1/mobile/consumer/node_modules/expo-updates/android/src/main/java/expo/modules/updates/manifest/EmbeddedUpdate.kt:30:89 'getRawJson(): JSONObject' is deprecated. Prefer to use specific field getters
w: file:///D:/itvision-1/mobile/consumer/node_modules/expo-updates/android/src/main/java/expo/modules/updates/manifest/ExpoUpdatesUpdate.kt:35:92 'getRawJson(): JSONObject' is deprecated. Prefer to use specific field getters
w: file:///D:/itvision-1/mobile/consumer/node_modules/expo-updates/android/src/main/java/expo/modules/updates/procedures/CheckForUpdateProcedure.kt:4:19 'AsyncTask<Params : Any!, Progress : Any!, Result : Any!>' is deprecated. Deprecated in Java
w: file:///D:/itvision-1/mobile/consumer/node_modules/expo-updates/android/src/main/java/expo/modules/updates/procedures/CheckForUpdateProcedure.kt:33:5 'AsyncTask<Params : Any!, Progress : Any!, Result : Any!>' is deprecated. Deprecated in Java
w: file:///D:/itvision-1/mobile/consumer/node_modules/expo-updates/android/src/main/java/expo/modules/updates/procedures/CheckForUpdateProcedure.kt:33:15 'execute(Runnable!): Unit' is deprecated. Deprecated in Java
w: file:///D:/itvision-1/mobile/consumer/node_modules/expo-updates/android/src/main/java/expo/modules/updates/procedures/CheckForUpdateProcedure.kt:131:108 'getRawJson(): JSONObject' is deprecated. Prefer to use specific field getters
w: file:///D:/itvision-1/mobile/consumer/node_modules/expo-updates/android/src/main/java/expo/modules/updates/procedures/CheckForUpdateProcedure.kt:164:108 'getRawJson(): JSONObject' is deprecated. Prefer to use specific field getters
w: file:///D:/itvision-1/mobile/consumer/node_modules/expo-updates/android/src/main/java/expo/modules/updates/procedures/FetchUpdateProcedure.kt:4:19 'AsyncTask<Params : Any!, Progress : Any!, Result : Any!>' is deprecated. Deprecated in Java
w: file:///D:/itvision-1/mobile/consumer/node_modules/expo-updates/android/src/main/java/expo/modules/updates/procedures/FetchUpdateProcedure.kt:34:5 'AsyncTask<Params : Any!, Progress : Any!, Result : Any!>' is deprecated. Deprecated in Java
w: file:///D:/itvision-1/mobile/consumer/node_modules/expo-updates/android/src/main/java/expo/modules/updates/procedures/FetchUpdateProcedure.kt:34:15 'execute(Runnable!): Unit' is deprecated. Deprecated in Java
w: file:///D:/itvision-1/mobile/consumer/node_modules/expo-updates/android/src/main/java/expo/modules/updates/procedures/RelaunchProcedure.kt:5:19 'AsyncTask<Params : Any!, Progress : Any!, Result : Any!>' is deprecated. Deprecated in Java
w: file:///D:/itvision-1/mobile/consumer/node_modules/expo-updates/android/src/main/java/expo/modules/updates/procedures/RelaunchProcedure.kt:11:34 'ReactFeatureFlags' is deprecated. Deprecated in Java
w: file:///D:/itvision-1/mobile/consumer/node_modules/expo-updates/android/src/main/java/expo/modules/updates/procedures/RelaunchProcedure.kt:91:5 'AsyncTask<Params : Any!, Progress : Any!, Result : Any!>' is deprecated. Deprecated in Java
w: file:///D:/itvision-1/mobile/consumer/node_modules/expo-updates/android/src/main/java/expo/modules/updates/procedures/RelaunchProcedure.kt:91:15 'execute(Runnable!): Unit' is deprecated. Deprecated in Java
w: file:///D:/itvision-1/mobile/consumer/node_modules/expo-updates/android/src/main/java/expo/modules/updates/procedures/RelaunchProcedure.kt:118:9 'ReactFeatureFlags' is deprecated. Deprecated in Java
w: file:///D:/itvision-1/mobile/consumer/node_modules/expo-updates/android/src/main/java/expo/modules/updates/procedures/RestartReactAppExtensions.kt:6:34 'ReactFeatureFlags' is deprecated. Deprecated in Java
w: file:///D:/itvision-1/mobile/consumer/node_modules/expo-updates/android/src/main/java/expo/modules/updates/procedures/RestartReactAppExtensions.kt:15:7 'ReactFeatureFlags' is deprecated. Deprecated in Java
w: file:///D:/itvision-1/mobile/consumer/node_modules/expo-updates/android/src/main/java/expo/modules/updates/procedures/StartupProcedure.kt:163:36 'getCurrentState(): UpdatesStateValue' is deprecated. Avoid needing to access current state to know how to transition to next state
w: file:///D:/itvision-1/mobile/consumer/node_modules/expo-updates/android/src/main/java/expo/modules/updates/procedures/StartupProcedure.kt:197:34 'getCurrentState(): UpdatesStateValue' is deprecated. Avoid needing to access current state to know how to transition to next state
w: file:///D:/itvision-1/mobile/consumer/node_modules/expo-updates/android/src/main/java/expo/modules/updates/procedures/StateMachineSerialExecutorQueue.kt:43:35 'getCurrentState(): UpdatesStateValue' is deprecated. Avoid needing to access current state to know how to transition to next state
w: file:///D:/itvision-1/mobile/consumer/node_modules/expo-updates/android/src/main/java/expo/modules/updates/statemachine/UpdatesStateMachine.kt:27:20 This declaration overrides deprecated member but not marked as deprecated itself. Please add @Deprecated annotation or suppress. See https://youtrack.jetbrains.com/issue/KT-47902 for details
w: file:///D:/itvision-1/mobile/consumer/node_modules/expo-updates/android/src/react-native-74/main/expo/modules/updates/errorrecovery/ErrorRecovery.kt:11:34 'ReactFeatureFlags' is deprecated. Deprecated in Java
w: file:///D:/itvision-1/mobile/consumer/node_modules/expo-updates/android/src/react-native-74/main/expo/modules/updates/errorrecovery/ErrorRecovery.kt:103:9 'ReactFeatureFlags' is deprecated. Deprecated in Java
w: file:///D:/itvision-1/mobile/consumer/node_modules/expo-updates/android/src/react-native-74/main/expo/modules/updates/errorrecovery/ErrorRecovery.kt:110:50 Parameter 'devSupportManager' is never used
w: file:///D:/itvision-1/mobile/consumer/node_modules/expo-updates/android/src/react-native-74/main/expo/modules/updates/errorrecovery/ErrorRecovery.kt:136:9 'ReactFeatureFlags' is deprecated. Deprecated in Java

> Task :expo-file-system:syncReleaseLibJars
> Task :expo-file-system:bundleReleaseLocalLintAar
> Task :expo-font:mergeReleaseNativeLibs NO-SOURCE
> Task :expo-font:stripReleaseDebugSymbols NO-SOURCE
> Task :expo-font:copyReleaseJniLibsProjectAndLocalJars
> Task :expo-font:extractDeepLinksForAarRelease UP-TO-DATE
> Task :expo-font:extractReleaseAnnotations
> Task :expo-font:mergeReleaseGeneratedProguardFiles UP-TO-DATE
> Task :expo-font:mergeReleaseConsumerProguardFiles UP-TO-DATE
> Task :expo-font:mergeReleaseShaders
> Task :expo-font:compileReleaseShaders NO-SOURCE
> Task :expo-font:generateReleaseAssets UP-TO-DATE
> Task :expo-font:packageReleaseAssets
> Task :expo-updates:compileReleaseJavaWithJavac
> Task :expo-updates:extractReleaseAnnotations
> Task :expo-updates:mergeReleaseGeneratedProguardFiles UP-TO-DATE
> Task :expo-updates:mergeReleaseConsumerProguardFiles
> Task :expo-updates:processReleaseJavaRes
> Task :expo-updates:bundleLibCompileToJarRelease
> Task :expo-font:prepareLintJarForPublish UP-TO-DATE
> Task :expo-font:prepareReleaseArtProfile UP-TO-DATE
> Task :expo-updates:mergeReleaseJavaResource
> Task :expo-font:processReleaseJavaRes
> Task :expo-updates:syncReleaseLibJars
> Task :expo-updates:bundleReleaseLocalLintAar
> Task :expo-font:mergeReleaseJavaResource
> Task :expo-font:syncReleaseLibJars
> Task :expo-font:bundleReleaseLocalLintAar
> Task :expo-haptics:mergeReleaseJniLibFolders
> Task :expo-haptics:mergeReleaseNativeLibs NO-SOURCE
> Task :expo-haptics:stripReleaseDebugSymbols NO-SOURCE
> Task :expo-haptics:copyReleaseJniLibsProjectAndLocalJars
> Task :expo-haptics:extractDeepLinksForAarRelease UP-TO-DATE
> Task :expo-haptics:extractReleaseAnnotations
> Task :expo-haptics:mergeReleaseGeneratedProguardFiles UP-TO-DATE
> Task :expo-haptics:mergeReleaseConsumerProguardFiles UP-TO-DATE
> Task :expo-haptics:mergeReleaseShaders
> Task :expo-haptics:compileReleaseShaders NO-SOURCE
> Task :expo-haptics:generateReleaseAssets UP-TO-DATE
> Task :expo-haptics:packageReleaseAssets
> Task :expo-haptics:prepareLintJarForPublish UP-TO-DATE
> Task :expo-haptics:prepareReleaseArtProfile UP-TO-DATE
> Task :expo-haptics:processReleaseJavaRes
> Task :expo-haptics:mergeReleaseJavaResource
> Task :expo-image:mergeReleaseJniLibFolders
> Task :expo-haptics:syncReleaseLibJars
> Task :expo-haptics:bundleReleaseLocalLintAar
> Task :expo-image:mergeReleaseNativeLibs NO-SOURCE
> Task :expo-image:stripReleaseDebugSymbols NO-SOURCE
> Task :expo-image:copyReleaseJniLibsProjectAndLocalJars
> Task :expo-image:extractDeepLinksForAarRelease UP-TO-DATE
> Task :expo-image:extractReleaseAnnotations
> Task :expo-image:mergeReleaseGeneratedProguardFiles UP-TO-DATE
> Task :expo-image:mergeReleaseConsumerProguardFiles
> Task :expo-image:mergeReleaseShaders
> Task :expo-image:compileReleaseShaders NO-SOURCE
> Task :expo-image:generateReleaseAssets UP-TO-DATE
> Task :expo-image:packageReleaseAssets
> Task :expo-image:prepareLintJarForPublish UP-TO-DATE
> Task :expo-image:prepareReleaseArtProfile UP-TO-DATE
> Task :expo-image:processReleaseJavaRes
> Task :expo-image:mergeReleaseJavaResource
> Task :expo-image-loader:mergeReleaseJniLibFolders
> Task :expo-image:syncReleaseLibJars
> Task :expo-image:bundleReleaseLocalLintAar
> Task :expo-image-loader:mergeReleaseNativeLibs NO-SOURCE
> Task :expo-image-loader:stripReleaseDebugSymbols NO-SOURCE
> Task :expo-image-loader:copyReleaseJniLibsProjectAndLocalJars
> Task :expo-image-loader:extractDeepLinksForAarRelease UP-TO-DATE
> Task :expo-image-loader:extractReleaseAnnotations
> Task :expo-image-loader:mergeReleaseGeneratedProguardFiles UP-TO-DATE
> Task :expo-image-loader:mergeReleaseConsumerProguardFiles UP-TO-DATE
> Task :expo-image-loader:mergeReleaseShaders
> Task :expo-image-loader:compileReleaseShaders NO-SOURCE
> Task :expo-image-loader:generateReleaseAssets UP-TO-DATE
> Task :expo-image-loader:packageReleaseAssets
> Task :expo-image-loader:prepareLintJarForPublish UP-TO-DATE
> Task :expo-image-loader:prepareReleaseArtProfile UP-TO-DATE
> Task :expo-image-loader:processReleaseJavaRes
> Task :expo-image-loader:mergeReleaseJavaResource
> Task :expo-image-picker:mergeReleaseJniLibFolders
> Task :expo-image-loader:syncReleaseLibJars
> Task :expo-image-loader:bundleReleaseLocalLintAar
> Task :expo-image-picker:mergeReleaseNativeLibs NO-SOURCE
> Task :expo-image-picker:stripReleaseDebugSymbols NO-SOURCE
> Task :expo-image-picker:copyReleaseJniLibsProjectAndLocalJars
> Task :expo-image-picker:extractDeepLinksForAarRelease UP-TO-DATE
> Task :expo-image-picker:extractReleaseAnnotations
> Task :expo-image-picker:mergeReleaseGeneratedProguardFiles UP-TO-DATE
> Task :expo-image-picker:mergeReleaseConsumerProguardFiles UP-TO-DATE
> Task :expo-image-picker:mergeReleaseShaders
> Task :expo-image-picker:compileReleaseShaders NO-SOURCE
> Task :expo-image-picker:generateReleaseAssets UP-TO-DATE
> Task :expo-image-picker:packageReleaseAssets
> Task :expo-image-picker:prepareLintJarForPublish UP-TO-DATE
> Task :expo-image-picker:prepareReleaseArtProfile UP-TO-DATE
> Task :expo-image-picker:processReleaseJavaRes
> Task :expo-image-picker:mergeReleaseJavaResource
> Task :expo-manifests:mergeReleaseJniLibFolders
> Task :expo-image-picker:syncReleaseLibJars
> Task :expo-image-picker:bundleReleaseLocalLintAar
> Task :expo-manifests:mergeReleaseNativeLibs NO-SOURCE
> Task :expo-manifests:stripReleaseDebugSymbols NO-SOURCE
> Task :expo-manifests:copyReleaseJniLibsProjectAndLocalJars
> Task :expo-manifests:extractDeepLinksForAarRelease UP-TO-DATE
> Task :expo-manifests:extractReleaseAnnotations
> Task :expo-manifests:mergeReleaseGeneratedProguardFiles UP-TO-DATE
> Task :expo-manifests:mergeReleaseConsumerProguardFiles UP-TO-DATE
> Task :expo-manifests:mergeReleaseShaders
> Task :expo-manifests:compileReleaseShaders NO-SOURCE
> Task :expo-manifests:generateReleaseAssets UP-TO-DATE
> Task :expo-manifests:packageReleaseAssets
> Task :expo-manifests:prepareLintJarForPublish UP-TO-DATE
> Task :expo-manifests:prepareReleaseArtProfile UP-TO-DATE
> Task :expo-manifests:processReleaseJavaRes
> Task :expo-manifests:mergeReleaseJavaResource
> Task :expo-json-utils:mergeReleaseJniLibFolders
> Task :expo-manifests:syncReleaseLibJars
> Task :expo-manifests:bundleReleaseLocalLintAar
> Task :expo-json-utils:mergeReleaseNativeLibs NO-SOURCE
> Task :expo-json-utils:stripReleaseDebugSymbols NO-SOURCE
> Task :expo-json-utils:copyReleaseJniLibsProjectAndLocalJars
> Task :expo-json-utils:extractDeepLinksForAarRelease UP-TO-DATE
> Task :expo-json-utils:extractReleaseAnnotations
> Task :expo-json-utils:mergeReleaseGeneratedProguardFiles UP-TO-DATE
> Task :expo-json-utils:mergeReleaseConsumerProguardFiles UP-TO-DATE
> Task :expo-json-utils:mergeReleaseShaders
> Task :expo-json-utils:compileReleaseShaders NO-SOURCE
> Task :expo-json-utils:generateReleaseAssets UP-TO-DATE
> Task :expo-json-utils:packageReleaseAssets
> Task :expo-json-utils:prepareLintJarForPublish UP-TO-DATE
> Task :expo-json-utils:prepareReleaseArtProfile UP-TO-DATE
> Task :expo-json-utils:processReleaseJavaRes
> Task :expo-keep-awake:mergeReleaseJniLibFolders
> Task :expo-json-utils:mergeReleaseJavaResource
> Task :expo-keep-awake:mergeReleaseNativeLibs NO-SOURCE
> Task :expo-json-utils:syncReleaseLibJars
> Task :expo-json-utils:bundleReleaseLocalLintAar
> Task :expo-keep-awake:stripReleaseDebugSymbols NO-SOURCE
> Task :expo-keep-awake:copyReleaseJniLibsProjectAndLocalJars
> Task :expo-keep-awake:extractDeepLinksForAarRelease UP-TO-DATE
> Task :expo-keep-awake:extractReleaseAnnotations
> Task :expo-keep-awake:mergeReleaseGeneratedProguardFiles UP-TO-DATE
> Task :expo-keep-awake:mergeReleaseConsumerProguardFiles UP-TO-DATE
> Task :expo-keep-awake:mergeReleaseShaders
> Task :expo-keep-awake:compileReleaseShaders NO-SOURCE
> Task :expo-keep-awake:generateReleaseAssets UP-TO-DATE
> Task :expo-keep-awake:packageReleaseAssets
> Task :expo-keep-awake:prepareLintJarForPublish UP-TO-DATE
> Task :expo-keep-awake:prepareReleaseArtProfile UP-TO-DATE
> Task :expo-keep-awake:processReleaseJavaRes
> Task :expo-keep-awake:mergeReleaseJavaResource
> Task :expo-location:mergeReleaseJniLibFolders
> Task :expo-keep-awake:syncReleaseLibJars
> Task :expo-keep-awake:bundleReleaseLocalLintAar
> Task :expo-location:mergeReleaseNativeLibs NO-SOURCE
> Task :expo-location:stripReleaseDebugSymbols NO-SOURCE
> Task :expo-location:copyReleaseJniLibsProjectAndLocalJars
> Task :expo-location:extractDeepLinksForAarRelease UP-TO-DATE
> Task :expo-location:extractReleaseAnnotations
> Task :expo-location:mergeReleaseGeneratedProguardFiles UP-TO-DATE
> Task :expo-location:mergeReleaseConsumerProguardFiles UP-TO-DATE
> Task :expo-location:mergeReleaseShaders
> Task :expo-location:compileReleaseShaders NO-SOURCE
> Task :expo-location:generateReleaseAssets UP-TO-DATE
> Task :expo-location:packageReleaseAssets
> Task :expo-location:prepareLintJarForPublish UP-TO-DATE
> Task :expo-location:prepareReleaseArtProfile UP-TO-DATE
> Task :expo-location:processReleaseJavaRes
> Task :expo-location:mergeReleaseJavaResource
> Task :expo-notifications:mergeReleaseJniLibFolders
> Task :expo-location:syncReleaseLibJars
> Task :expo-location:bundleReleaseLocalLintAar
> Task :expo-notifications:mergeReleaseNativeLibs NO-SOURCE
> Task :expo-notifications:stripReleaseDebugSymbols NO-SOURCE
> Task :expo-notifications:copyReleaseJniLibsProjectAndLocalJars
> Task :expo-notifications:extractDeepLinksForAarRelease UP-TO-DATE
> Task :expo-notifications:extractReleaseAnnotations
> Task :expo-notifications:mergeReleaseGeneratedProguardFiles UP-TO-DATE
> Task :expo-notifications:mergeReleaseConsumerProguardFiles UP-TO-DATE
> Task :expo-notifications:mergeReleaseShaders
> Task :expo-notifications:compileReleaseShaders NO-SOURCE
> Task :expo-notifications:generateReleaseAssets UP-TO-DATE
> Task :expo-notifications:packageReleaseAssets
> Task :expo-notifications:prepareLintJarForPublish UP-TO-DATE
> Task :expo-notifications:prepareReleaseArtProfile UP-TO-DATE
> Task :expo-notifications:processReleaseJavaRes
> Task :expo-notifications:mergeReleaseJavaResource
> Task :expo-splash-screen:mergeReleaseJniLibFolders
> Task :expo-notifications:syncReleaseLibJars
> Task :expo-notifications:bundleReleaseLocalLintAar
> Task :expo-splash-screen:mergeReleaseNativeLibs NO-SOURCE
> Task :expo-splash-screen:stripReleaseDebugSymbols NO-SOURCE
> Task :expo-splash-screen:copyReleaseJniLibsProjectAndLocalJars
> Task :expo-splash-screen:extractDeepLinksForAarRelease UP-TO-DATE
> Task :expo-splash-screen:extractReleaseAnnotations
> Task :expo-splash-screen:mergeReleaseGeneratedProguardFiles UP-TO-DATE
> Task :expo-splash-screen:mergeReleaseConsumerProguardFiles UP-TO-DATE
> Task :expo-splash-screen:mergeReleaseShaders
> Task :expo-splash-screen:compileReleaseShaders NO-SOURCE
> Task :expo-splash-screen:generateReleaseAssets UP-TO-DATE
> Task :expo-splash-screen:packageReleaseAssets
> Task :expo-splash-screen:prepareLintJarForPublish UP-TO-DATE
> Task :expo-splash-screen:prepareReleaseArtProfile UP-TO-DATE
> Task :expo-splash-screen:processReleaseJavaRes
> Task :expo-splash-screen:mergeReleaseJavaResource
> Task :expo-structured-headers:mergeReleaseJniLibFolders

> Task :expo:compileReleaseKotlin
w: file:///D:/itvision-1/mobile/consumer/node_modules/expo/android/src/main/java/expo/modules/ReactActivityDelegateWrapper.kt:20:34 'ReactFeatureFlags' is deprecated. Deprecated in Java
w: file:///D:/itvision-1/mobile/consumer/node_modules/expo/android/src/main/java/expo/modules/ReactActivityDelegateWrapper.kt:153:11 'ReactFeatureFlags' is deprecated. Deprecated in Java
w: file:///D:/itvision-1/mobile/consumer/node_modules/expo/android/src/main/java/expo/modules/ReactActivityDelegateWrapper.kt:161:34 'constructor ReactDelegate(Activity!, ReactNativeHost!, String?, Bundle?)' is deprecated. Deprecated in Java
w: file:///D:/itvision-1/mobile/consumer/node_modules/expo/android/src/main/java/expo/modules/ReactActivityDelegateWrapper.kt:231:10 'ReactFeatureFlags' is deprecated. Deprecated in Java

> Task :expo-splash-screen:syncReleaseLibJars
> Task :expo-splash-screen:bundleReleaseLocalLintAar
> Task :expo:compileReleaseJavaWithJavac
> Task :expo:bundleLibCompileToJarRelease
> Task :expo:bundleLibRuntimeToJarRelease
> Task :expo:processReleaseJavaRes
> Task :expo:createFullJarRelease
> Task :expo:extractReleaseAnnotations
> Task :expo:mergeReleaseGeneratedProguardFiles UP-TO-DATE
> Task :expo:mergeReleaseConsumerProguardFiles
> Task :expo-structured-headers:mergeReleaseNativeLibs NO-SOURCE
> Task :expo-structured-headers:stripReleaseDebugSymbols NO-SOURCE
> Task :expo-structured-headers:copyReleaseJniLibsProjectAndLocalJars
> Task :expo-structured-headers:extractDeepLinksForAarRelease UP-TO-DATE
> Task :expo:mergeReleaseJavaResource
> Task :expo-structured-headers:extractReleaseAnnotations
> Task :expo:syncReleaseLibJars
> Task :expo:bundleReleaseLocalLintAar
> Task :expo-structured-headers:mergeReleaseGeneratedProguardFiles UP-TO-DATE
> Task :expo-structured-headers:mergeReleaseConsumerProguardFiles UP-TO-DATE
> Task :expo-structured-headers:mergeReleaseShaders
> Task :expo-structured-headers:compileReleaseShaders NO-SOURCE
> Task :expo-structured-headers:generateReleaseAssets UP-TO-DATE
> Task :expo-structured-headers:packageReleaseAssets
> Task :expo-structured-headers:prepareLintJarForPublish UP-TO-DATE
> Task :expo-structured-headers:prepareReleaseArtProfile UP-TO-DATE
> Task :expo-structured-headers:processReleaseJavaRes NO-SOURCE
> Task :expo-structured-headers:mergeReleaseJavaResource
> Task :expo-task-manager:mergeReleaseJniLibFolders
> Task :expo-structured-headers:syncReleaseLibJars
> Task :expo-structured-headers:bundleReleaseLocalLintAar
> Task :expo-task-manager:mergeReleaseNativeLibs NO-SOURCE
> Task :expo-task-manager:stripReleaseDebugSymbols NO-SOURCE
> Task :expo-task-manager:copyReleaseJniLibsProjectAndLocalJars
> Task :expo-task-manager:extractDeepLinksForAarRelease UP-TO-DATE
> Task :expo-task-manager:extractReleaseAnnotations
> Task :expo-task-manager:mergeReleaseGeneratedProguardFiles UP-TO-DATE
> Task :expo-task-manager:mergeReleaseConsumerProguardFiles UP-TO-DATE
> Task :expo-task-manager:mergeReleaseShaders
> Task :expo-task-manager:compileReleaseShaders NO-SOURCE
> Task :expo-task-manager:generateReleaseAssets UP-TO-DATE
> Task :expo-task-manager:packageReleaseAssets
> Task :expo-task-manager:prepareLintJarForPublish UP-TO-DATE
> Task :expo-task-manager:prepareReleaseArtProfile UP-TO-DATE
> Task :expo-task-manager:processReleaseJavaRes
> Task :expo-task-manager:mergeReleaseJavaResource
> Task :unimodules-app-loader:mergeReleaseJniLibFolders
> Task :expo-task-manager:syncReleaseLibJars
> Task :expo-task-manager:bundleReleaseLocalLintAar
> Task :unimodules-app-loader:mergeReleaseNativeLibs NO-SOURCE
> Task :unimodules-app-loader:stripReleaseDebugSymbols NO-SOURCE
> Task :unimodules-app-loader:copyReleaseJniLibsProjectAndLocalJars
> Task :unimodules-app-loader:extractDeepLinksForAarRelease UP-TO-DATE
> Task :unimodules-app-loader:extractReleaseAnnotations
> Task :unimodules-app-loader:mergeReleaseGeneratedProguardFiles UP-TO-DATE
> Task :unimodules-app-loader:mergeReleaseConsumerProguardFiles UP-TO-DATE
> Task :unimodules-app-loader:mergeReleaseShaders
> Task :unimodules-app-loader:compileReleaseShaders NO-SOURCE
> Task :unimodules-app-loader:generateReleaseAssets UP-TO-DATE
> Task :unimodules-app-loader:packageReleaseAssets
> Task :unimodules-app-loader:prepareLintJarForPublish UP-TO-DATE
> Task :unimodules-app-loader:prepareReleaseArtProfile UP-TO-DATE
> Task :unimodules-app-loader:processReleaseJavaRes NO-SOURCE
> Task :unimodules-app-loader:mergeReleaseJavaResource
> Task :expo-dev-menu-interface:mergeReleaseJniLibFolders
> Task :unimodules-app-loader:syncReleaseLibJars
> Task :unimodules-app-loader:bundleReleaseLocalLintAar
> Task :expo-dev-menu-interface:mergeReleaseNativeLibs NO-SOURCE
> Task :expo-dev-menu-interface:stripReleaseDebugSymbols NO-SOURCE
> Task :expo-dev-menu-interface:copyReleaseJniLibsProjectAndLocalJars
> Task :expo-dev-menu-interface:extractDeepLinksForAarRelease UP-TO-DATE
> Task :expo-dev-menu-interface:extractReleaseAnnotations
> Task :expo-dev-menu-interface:mergeReleaseGeneratedProguardFiles UP-TO-DATE
> Task :expo-dev-menu-interface:mergeReleaseConsumerProguardFiles UP-TO-DATE
> Task :expo-dev-menu-interface:mergeReleaseShaders
> Task :expo-dev-menu-interface:compileReleaseShaders NO-SOURCE
> Task :expo-dev-menu-interface:generateReleaseAssets UP-TO-DATE
> Task :expo-dev-menu-interface:packageReleaseAssets
> Task :expo-dev-menu-interface:prepareLintJarForPublish UP-TO-DATE
> Task :expo-dev-menu-interface:prepareReleaseArtProfile UP-TO-DATE
> Task :expo-dev-menu-interface:processReleaseJavaRes
> Task :expo-updates-interface:mergeReleaseJniLibFolders
> Task :expo-updates-interface:mergeReleaseNativeLibs NO-SOURCE
> Task :expo-dev-menu-interface:mergeReleaseJavaResource
> Task :expo-updates-interface:stripReleaseDebugSymbols NO-SOURCE
> Task :expo-dev-menu-interface:syncReleaseLibJars
> Task :expo-dev-menu-interface:bundleReleaseLocalLintAar
> Task :expo-updates-interface:copyReleaseJniLibsProjectAndLocalJars
> Task :expo-updates-interface:extractDeepLinksForAarRelease UP-TO-DATE
> Task :expo-updates-interface:extractReleaseAnnotations
> Task :expo-updates-interface:mergeReleaseGeneratedProguardFiles UP-TO-DATE
> Task :expo-updates-interface:mergeReleaseConsumerProguardFiles UP-TO-DATE
> Task :expo-updates-interface:mergeReleaseShaders
> Task :expo-updates-interface:compileReleaseShaders NO-SOURCE
> Task :expo-updates-interface:generateReleaseAssets UP-TO-DATE
> Task :expo-updates-interface:packageReleaseAssets
> Task :expo-updates-interface:prepareLintJarForPublish UP-TO-DATE
> Task :expo-updates-interface:prepareReleaseArtProfile UP-TO-DATE
> Task :expo-updates-interface:processReleaseJavaRes
> Task :expo-updates-interface:mergeReleaseJavaResource
> Task :app:compileReleaseKotlin
> Task :expo-modules-core:configureCMakeRelWithDebInfo[arm64-v8a]
> Task :app:compileReleaseJavaWithJavac
> Task :expo-updates-interface:syncReleaseLibJars
> Task :expo-updates-interface:bundleReleaseLocalLintAar
> Task :expo-modules-core:buildCMakeRelWithDebInfo[arm64-v8a]
> Task :expo-modules-core:configureCMakeRelWithDebInfo[armeabi-v7a]
> Task :expo-modules-core:buildCMakeRelWithDebInfo[armeabi-v7a]
> Task :expo-modules-core:configureCMakeRelWithDebInfo[x86]
> Task :expo-modules-core:buildCMakeRelWithDebInfo[x86]
> Task :expo-modules-core:configureCMakeRelWithDebInfo[x86_64]
> Task :expo-modules-core:buildCMakeRelWithDebInfo[x86_64]
> Task :expo-modules-core:mergeReleaseJniLibFolders
> Task :expo-modules-core:extractDeepLinksForAarRelease UP-TO-DATE
> Task :expo-modules-core:mergeReleaseNativeLibs
> Task :expo-modules-core:extractReleaseAnnotations
> Task :expo-modules-core:mergeReleaseGeneratedProguardFiles UP-TO-DATE
> Task :expo-modules-core:mergeReleaseConsumerProguardFiles
> Task :expo-modules-core:mergeReleaseShaders
> Task :expo-modules-core:compileReleaseShaders NO-SOURCE
> Task :expo-modules-core:generateReleaseAssets UP-TO-DATE
> Task :expo-modules-core:packageReleaseAssets
> Task :expo-modules-core:stripReleaseDebugSymbols
> Task :expo-modules-core:prepareLintJarForPublish UP-TO-DATE
> Task :expo-modules-core:copyReleaseJniLibsProjectAndLocalJars
> Task :expo-modules-core:prepareReleaseArtProfile UP-TO-DATE
> Task :expo-modules-core:processReleaseJavaRes
> Task :expo:extractProguardFiles
> Task :expo-modules-core:mergeReleaseJavaResource
> Task :expo:writeReleaseLintModelMetadata
> Task :expo-modules-core:syncReleaseLibJars
> Task :expo-modules-core:bundleReleaseLocalLintAar
> Task :expo-application:bundleLibRuntimeToJarRelease
> Task :expo-application:createFullJarRelease
> Task :expo-application:extractProguardFiles
> Task :expo-application:writeReleaseLintModelMetadata
> Task :expo-modules-core:extractProguardFiles
> Task :expo-modules-core:writeReleaseLintModelMetadata
> Task :expo-asset:extractProguardFiles
> Task :expo-asset:bundleLibRuntimeToJarRelease
> Task :expo-asset:writeReleaseLintModelMetadata
> Task :expo-asset:createFullJarRelease
> Task :expo-av:extractProguardFiles
> Task :expo-av:writeReleaseLintModelMetadata
> Task :expo-constants:bundleLibRuntimeToJarRelease
> Task :expo-constants:extractProguardFiles
> Task :expo-constants:createFullJarRelease
> Task :expo-constants:writeReleaseLintModelMetadata
> Task :expo-dev-client:bundleLibRuntimeToJarRelease
> Task :expo-dev-client:extractProguardFiles
> Task :expo-dev-client:createFullJarRelease
> Task :expo-dev-client:writeReleaseLintModelMetadata
> Task :expo-dev-launcher:extractProguardFiles
> Task :expo-av:bundleLibRuntimeToJarRelease
> Task :expo-dev-launcher:writeReleaseLintModelMetadata
> Task :expo-dev-launcher:bundleLibRuntimeToJarRelease
> Task :expo-av:createFullJarRelease
> Task :expo-dev-launcher:createFullJarRelease
> Task :expo-dev-menu:extractProguardFiles
> Task :expo-dev-menu:writeReleaseLintModelMetadata
> Task :expo-dev-menu:bundleLibRuntimeToJarRelease
> Task :expo-dev-menu-interface:extractProguardFiles
> Task :expo-dev-menu:createFullJarRelease
> Task :expo-dev-menu-interface:writeReleaseLintModelMetadata
> Task :expo-json-utils:bundleLibRuntimeToJarRelease
> Task :expo-json-utils:extractProguardFiles
> Task :expo-json-utils:createFullJarRelease
> Task :expo-dev-menu-interface:bundleLibRuntimeToJarRelease
> Task :expo-json-utils:writeReleaseLintModelMetadata
> Task :expo-dev-menu-interface:createFullJarRelease
> Task :expo-manifests:extractProguardFiles
> Task :expo-manifests:writeReleaseLintModelMetadata
> Task :expo-manifests:bundleLibRuntimeToJarRelease
> Task :expo-updates-interface:bundleLibRuntimeToJarRelease
> Task :expo-manifests:createFullJarRelease
> Task :expo-updates-interface:createFullJarRelease
> Task :expo-updates-interface:extractProguardFiles
> Task :expo-updates-interface:writeReleaseLintModelMetadata
> Task :expo-device:extractProguardFiles
> Task :expo-device:bundleLibRuntimeToJarRelease
> Task :expo-device:writeReleaseLintModelMetadata
> Task :expo-eas-client:bundleLibRuntimeToJarRelease
> Task :expo-device:createFullJarRelease
> Task :expo-eas-client:createFullJarRelease
> Task :expo-eas-client:extractProguardFiles
> Task :expo-eas-client:writeReleaseLintModelMetadata
> Task :expo-file-system:extractProguardFiles
> Task :expo-file-system:writeReleaseLintModelMetadata
> Task :expo-font:extractProguardFiles
> Task :expo-font:bundleLibRuntimeToJarRelease
> Task :expo-font:writeReleaseLintModelMetadata
> Task :expo-font:createFullJarRelease
> Task :expo-haptics:extractProguardFiles
> Task :expo-haptics:writeReleaseLintModelMetadata
> Task :expo-haptics:bundleLibRuntimeToJarRelease
> Task :expo-haptics:createFullJarRelease
> Task :expo-file-system:bundleLibRuntimeToJarRelease
> Task :expo-file-system:createFullJarRelease
> Task :expo-image:extractProguardFiles
> Task :expo-image:writeReleaseLintModelMetadata
> Task :expo-image-loader:bundleLibRuntimeToJarRelease
> Task :expo-image-loader:extractProguardFiles
> Task :expo-image-loader:createFullJarRelease
> Task :expo-image:bundleLibRuntimeToJarRelease
> Task :expo-image-loader:writeReleaseLintModelMetadata
> Task :expo-image:createFullJarRelease
> Task :expo-image-picker:bundleLibRuntimeToJarRelease
> Task :expo-image-picker:extractProguardFiles
> Task :expo-image-picker:createFullJarRelease
> Task :expo-image-picker:writeReleaseLintModelMetadata
> Task :expo-keep-awake:extractProguardFiles
> Task :expo-keep-awake:bundleLibRuntimeToJarRelease
> Task :expo-keep-awake:writeReleaseLintModelMetadata
> Task :expo-keep-awake:createFullJarRelease
> Task :expo-location:extractProguardFiles
> Task :expo-location:writeReleaseLintModelMetadata
> Task :expo-notifications:extractProguardFiles
> Task :expo-notifications:writeReleaseLintModelMetadata
> Task :expo-splash-screen:extractProguardFiles
> Task :expo-splash-screen:bundleLibRuntimeToJarRelease
> Task :expo-splash-screen:writeReleaseLintModelMetadata
> Task :expo-splash-screen:createFullJarRelease
> Task :expo-modules-core:bundleLibRuntimeToJarRelease
> Task :expo-structured-headers:bundleLibRuntimeToJarRelease
> Task :expo-structured-headers:extractProguardFiles
> Task :expo-location:bundleLibRuntimeToJarRelease
> Task :expo-notifications:bundleLibRuntimeToJarRelease
> Task :expo-modules-core:createFullJarRelease
> Task :expo-modules-core:generateReleaseLintModel
> Task :expo-application:generateReleaseLintModel
> Task :expo-asset:generateReleaseLintModel
> Task :expo-av:generateReleaseLintModel
> Task :expo-constants:generateReleaseLintModel
> Task :expo-dev-client:generateReleaseLintModel
> Task :expo-dev-menu-interface:generateReleaseLintModel
> Task :expo-json-utils:generateReleaseLintModel
> Task :expo-manifests:generateReleaseLintModel
> Task :expo-dev-menu:generateReleaseLintModel
> Task :expo-updates-interface:generateReleaseLintModel
> Task :expo-dev-launcher:generateReleaseLintModel
> Task :expo-device:generateReleaseLintModel
> Task :expo-eas-client:generateReleaseLintModel
> Task :expo-file-system:generateReleaseLintModel
> Task :expo-font:generateReleaseLintModel
> Task :expo-haptics:generateReleaseLintModel
> Task :expo-image:generateReleaseLintModel
> Task :expo-image-loader:generateReleaseLintModel
> Task :expo-image-picker:generateReleaseLintModel
> Task :expo-keep-awake:generateReleaseLintModel
> Task :expo-location:createFullJarRelease
> Task :expo-location:generateReleaseLintModel
> Task :expo-notifications:createFullJarRelease
> Task :expo-notifications:generateReleaseLintModel
> Task :expo-splash-screen:generateReleaseLintModel
> Task :expo-structured-headers:createFullJarRelease
> Task :expo-structured-headers:writeReleaseLintModelMetadata
> Task :expo-structured-headers:generateReleaseLintModel
> Task :expo-task-manager:extractProguardFiles
> Task :expo-task-manager:writeReleaseLintModelMetadata
> Task :expo-task-manager:bundleLibRuntimeToJarRelease
> Task :unimodules-app-loader:bundleLibRuntimeToJarRelease
> Task :unimodules-app-loader:extractProguardFiles
> Task :expo-task-manager:createFullJarRelease
> Task :unimodules-app-loader:createFullJarRelease
> Task :unimodules-app-loader:writeReleaseLintModelMetadata
> Task :unimodules-app-loader:generateReleaseLintModel
> Task :expo-task-manager:generateReleaseLintModel
> Task :expo-updates:extractProguardFiles
> Task :expo-updates:writeReleaseLintModelMetadata
> Task :react-native-async-storage_async-storage:processReleaseJavaRes NO-SOURCE
> Task :expo-updates:bundleLibRuntimeToJarRelease
> Task :react-native-async-storage_async-storage:bundleLibRuntimeToJarRelease
> Task :react-native-async-storage_async-storage:mergeReleaseJniLibFolders
> Task :expo-updates:createFullJarRelease
> Task :expo-updates:generateReleaseLintModel
> Task :expo:generateReleaseLintModel
> Task :react-native-async-storage_async-storage:createFullJarRelease
> Task :react-native-async-storage_async-storage:mergeReleaseNativeLibs NO-SOURCE
> Task :react-native-async-storage_async-storage:stripReleaseDebugSymbols NO-SOURCE
> Task :react-native-async-storage_async-storage:extractDeepLinksForAarRelease UP-TO-DATE
> Task :react-native-async-storage_async-storage:extractReleaseAnnotations
> Task :react-native-async-storage_async-storage:mergeReleaseGeneratedProguardFiles UP-TO-DATE
> Task :react-native-async-storage_async-storage:mergeReleaseConsumerProguardFiles UP-TO-DATE
> Task :react-native-async-storage_async-storage:copyReleaseJniLibsProjectAndLocalJars
> Task :react-native-async-storage_async-storage:mergeReleaseShaders
> Task :react-native-async-storage_async-storage:compileReleaseShaders NO-SOURCE
> Task :react-native-async-storage_async-storage:generateReleaseAssets UP-TO-DATE
> Task :react-native-async-storage_async-storage:packageReleaseAssets
> Task :react-native-async-storage_async-storage:prepareLintJarForPublish UP-TO-DATE
> Task :react-native-async-storage_async-storage:prepareReleaseArtProfile UP-TO-DATE
> Task :react-native-async-storage_async-storage:extractProguardFiles
> Task :react-native-async-storage_async-storage:writeReleaseLintModelMetadata
> Task :react-native-community_netinfo:processReleaseJavaRes NO-SOURCE
> Task :react-native-async-storage_async-storage:mergeReleaseJavaResource
> Task :react-native-community_netinfo:bundleLibRuntimeToJarRelease
> Task :react-native-community_netinfo:mergeReleaseJniLibFolders
> Task :react-native-async-storage_async-storage:syncReleaseLibJars
> Task :react-native-async-storage_async-storage:bundleReleaseLocalLintAar
> Task :react-native-community_netinfo:createFullJarRelease
> Task :react-native-community_netinfo:mergeReleaseNativeLibs NO-SOURCE
> Task :react-native-community_netinfo:stripReleaseDebugSymbols NO-SOURCE
> Task :react-native-community_netinfo:extractDeepLinksForAarRelease UP-TO-DATE
> Task :react-native-community_netinfo:extractReleaseAnnotations
> Task :react-native-community_netinfo:copyReleaseJniLibsProjectAndLocalJars
> Task :react-native-async-storage_async-storage:generateReleaseLintModel
> Task :react-native-community_netinfo:mergeReleaseGeneratedProguardFiles UP-TO-DATE
> Task :react-native-community_netinfo:mergeReleaseConsumerProguardFiles UP-TO-DATE
> Task :react-native-community_netinfo:mergeReleaseShaders
> Task :react-native-community_netinfo:compileReleaseShaders NO-SOURCE
> Task :react-native-community_netinfo:generateReleaseAssets UP-TO-DATE
> Task :react-native-community_netinfo:packageReleaseAssets
> Task :react-native-community_netinfo:prepareLintJarForPublish UP-TO-DATE
> Task :react-native-community_netinfo:prepareReleaseArtProfile UP-TO-DATE
> Task :react-native-community_netinfo:mergeReleaseJavaResource
> Task :react-native-community_netinfo:extractProguardFiles
> Task :react-native-community_netinfo:syncReleaseLibJars
> Task :react-native-community_netinfo:bundleReleaseLocalLintAar
> Task :react-native-community_netinfo:writeReleaseLintModelMetadata
> Task :react-native-community_netinfo:generateReleaseLintModel
> Task :react-native-gesture-handler:processReleaseJavaRes
> Task :react-native-gesture-handler:mergeReleaseJniLibFolders
> Task :react-native-gesture-handler:mergeReleaseNativeLibs NO-SOURCE
> Task :react-native-gesture-handler:stripReleaseDebugSymbols NO-SOURCE
> Task :react-native-gesture-handler:extractDeepLinksForAarRelease UP-TO-DATE
> Task :react-native-gesture-handler:copyReleaseJniLibsProjectAndLocalJars
> Task :react-native-gesture-handler:extractReleaseAnnotations
> Task :react-native-gesture-handler:mergeReleaseGeneratedProguardFiles UP-TO-DATE
> Task :react-native-gesture-handler:mergeReleaseConsumerProguardFiles UP-TO-DATE
> Task :react-native-gesture-handler:mergeReleaseShaders
> Task :react-native-gesture-handler:compileReleaseShaders NO-SOURCE
> Task :react-native-gesture-handler:generateReleaseAssets UP-TO-DATE
> Task :react-native-gesture-handler:packageReleaseAssets
> Task :react-native-gesture-handler:prepareLintJarForPublish UP-TO-DATE
> Task :react-native-gesture-handler:prepareReleaseArtProfile UP-TO-DATE
> Task :react-native-gesture-handler:extractProguardFiles
> Task :react-native-gesture-handler:writeReleaseLintModelMetadata
> Task :react-native-maps:processReleaseJavaRes NO-SOURCE
> Task :react-native-maps:mergeReleaseJniLibFolders
> Task :react-native-maps:mergeReleaseNativeLibs NO-SOURCE
> Task :react-native-maps:stripReleaseDebugSymbols NO-SOURCE
> Task :react-native-maps:copyReleaseJniLibsProjectAndLocalJars
> Task :react-native-maps:extractDeepLinksForAarRelease UP-TO-DATE
> Task :react-native-gesture-handler:mergeReleaseJavaResource
> Task :react-native-maps:extractReleaseAnnotations
> Task :react-native-gesture-handler:syncReleaseLibJars
> Task :react-native-gesture-handler:bundleLibRuntimeToJarRelease
> Task :react-native-gesture-handler:bundleReleaseLocalLintAar
> Task :react-native-gesture-handler:createFullJarRelease
> Task :react-native-maps:mergeReleaseGeneratedProguardFiles UP-TO-DATE
> Task :react-native-maps:mergeReleaseConsumerProguardFiles UP-TO-DATE
> Task :react-native-maps:mergeReleaseShaders
> Task :react-native-maps:compileReleaseShaders NO-SOURCE
> Task :react-native-maps:generateReleaseAssets UP-TO-DATE
> Task :react-native-maps:packageReleaseAssets
> Task :react-native-maps:prepareLintJarForPublish UP-TO-DATE
> Task :react-native-maps:prepareReleaseArtProfile UP-TO-DATE
> Task :react-native-maps:mergeReleaseJavaResource
> Task :react-native-maps:extractProguardFiles
> Task :react-native-gesture-handler:generateReleaseLintModel
> Task :react-native-maps:syncReleaseLibJars
> Task :react-native-maps:bundleReleaseLocalLintAar
> Task :react-native-maps:writeReleaseLintModelMetadata
> Task :react-native-safe-area-context:processReleaseJavaRes
> Task :react-native-maps:bundleLibRuntimeToJarRelease
> Task :react-native-safe-area-context:mergeReleaseJniLibFolders
> Task :react-native-maps:createFullJarRelease
> Task :react-native-safe-area-context:bundleLibRuntimeToJarRelease
> Task :react-native-maps:generateReleaseLintModel
> Task :react-native-safe-area-context:createFullJarRelease
> Task :react-native-safe-area-context:mergeReleaseNativeLibs NO-SOURCE
> Task :react-native-safe-area-context:stripReleaseDebugSymbols NO-SOURCE
> Task :react-native-safe-area-context:extractDeepLinksForAarRelease UP-TO-DATE
> Task :react-native-safe-area-context:copyReleaseJniLibsProjectAndLocalJars
> Task :react-native-safe-area-context:extractReleaseAnnotations
> Task :react-native-safe-area-context:mergeReleaseGeneratedProguardFiles UP-TO-DATE
> Task :react-native-safe-area-context:mergeReleaseConsumerProguardFiles UP-TO-DATE
> Task :react-native-safe-area-context:mergeReleaseShaders
> Task :react-native-safe-area-context:compileReleaseShaders NO-SOURCE
> Task :react-native-safe-area-context:generateReleaseAssets UP-TO-DATE
> Task :react-native-safe-area-context:packageReleaseAssets
> Task :react-native-safe-area-context:prepareLintJarForPublish UP-TO-DATE
> Task :react-native-safe-area-context:prepareReleaseArtProfile UP-TO-DATE
> Task :react-native-safe-area-context:extractProguardFiles
> Task :react-native-safe-area-context:writeReleaseLintModelMetadata
> Task :react-native-screens:processReleaseJavaRes
> Task :react-native-safe-area-context:mergeReleaseJavaResource
> Task :react-native-screens:bundleLibRuntimeToJarRelease
> Task :react-native-screens:configureCMakeRelWithDebInfo[arm64-v8a]
> Task :react-native-safe-area-context:syncReleaseLibJars
> Task :react-native-safe-area-context:bundleReleaseLocalLintAar
> Task :react-native-screens:createFullJarRelease
> Task :react-native-safe-area-context:generateReleaseLintModel
> Task :react-native-screens:buildCMakeRelWithDebInfo[arm64-v8a]
> Task :react-native-screens:configureCMakeRelWithDebInfo[armeabi-v7a]
> Task :react-native-screens:buildCMakeRelWithDebInfo[armeabi-v7a]
> Task :react-native-screens:configureCMakeRelWithDebInfo[x86]
> Task :react-native-screens:buildCMakeRelWithDebInfo[x86]
> Task :react-native-screens:configureCMakeRelWithDebInfo[x86_64]
> Task :react-native-screens:buildCMakeRelWithDebInfo[x86_64]
> Task :react-native-screens:mergeReleaseJniLibFolders
> Task :react-native-screens:extractDeepLinksForAarRelease UP-TO-DATE
> Task :react-native-screens:mergeReleaseNativeLibs
> Task :react-native-screens:extractReleaseAnnotations
> Task :react-native-screens:mergeReleaseGeneratedProguardFiles UP-TO-DATE
> Task :react-native-screens:mergeReleaseConsumerProguardFiles UP-TO-DATE
> Task :react-native-screens:mergeReleaseShaders
> Task :react-native-screens:compileReleaseShaders NO-SOURCE
> Task :react-native-screens:generateReleaseAssets UP-TO-DATE
> Task :react-native-screens:packageReleaseAssets
> Task :react-native-screens:prepareLintJarForPublish UP-TO-DATE
> Task :react-native-screens:prepareReleaseArtProfile UP-TO-DATE
> Task :react-native-screens:mergeReleaseJavaResource
> Task :react-native-screens:extractProguardFiles
> Task :react-native-screens:syncReleaseLibJars
> Task :react-native-screens:writeReleaseLintModelMetadata
> Task :react-native-svg:processReleaseJavaRes NO-SOURCE
> Task :react-native-svg:mergeReleaseJniLibFolders
> Task :react-native-svg:mergeReleaseNativeLibs NO-SOURCE
> Task :react-native-svg:stripReleaseDebugSymbols NO-SOURCE
> Task :react-native-svg:copyReleaseJniLibsProjectAndLocalJars
> Task :react-native-svg:extractDeepLinksForAarRelease UP-TO-DATE
> Task :react-native-svg:extractReleaseAnnotations
> Task :react-native-svg:mergeReleaseGeneratedProguardFiles UP-TO-DATE
> Task :react-native-svg:mergeReleaseConsumerProguardFiles
> Task :react-native-svg:mergeReleaseShaders
> Task :react-native-svg:compileReleaseShaders NO-SOURCE
> Task :react-native-svg:generateReleaseAssets UP-TO-DATE
> Task :react-native-svg:packageReleaseAssets
> Task :react-native-svg:prepareLintJarForPublish UP-TO-DATE
> Task :react-native-svg:prepareReleaseArtProfile UP-TO-DATE
> Task :react-native-svg:mergeReleaseJavaResource
> Task :react-native-svg:extractProguardFiles
> Task :react-native-screens:stripReleaseDebugSymbols
> Task :react-native-screens:copyReleaseJniLibsProjectAndLocalJars
> Task :react-native-svg:bundleLibRuntimeToJarRelease
> Task :react-native-svg:syncReleaseLibJars
> Task :react-native-screens:bundleReleaseLocalLintAar
> Task :react-native-svg:createFullJarRelease
> Task :react-native-svg:bundleReleaseLocalLintAar
> Task :react-native-svg:writeReleaseLintModelMetadata
> Task :sentry_react-native:bundleLibRuntimeToJarRelease
> Task :sentry_react-native:processReleaseJavaRes NO-SOURCE
> Task :sentry_react-native:createFullJarRelease
> Task :sentry_react-native:mergeReleaseJniLibFolders
> Task :sentry_react-native:mergeReleaseNativeLibs NO-SOURCE
> Task :sentry_react-native:stripReleaseDebugSymbols NO-SOURCE
> Task :react-native-svg:generateReleaseLintModel
> Task :react-native-screens:generateReleaseLintModel
> Task :sentry_react-native:copyReleaseJniLibsProjectAndLocalJars
> Task :sentry_react-native:extractDeepLinksForAarRelease UP-TO-DATE
> Task :sentry_react-native:extractReleaseAnnotations
> Task :sentry_react-native:mergeReleaseGeneratedProguardFiles UP-TO-DATE
> Task :sentry_react-native:mergeReleaseConsumerProguardFiles UP-TO-DATE
> Task :sentry_react-native:mergeReleaseShaders
> Task :sentry_react-native:compileReleaseShaders NO-SOURCE
> Task :sentry_react-native:generateReleaseAssets UP-TO-DATE
> Task :sentry_react-native:packageReleaseAssets
> Task :sentry_react-native:prepareLintJarForPublish UP-TO-DATE
> Task :sentry_react-native:prepareReleaseArtProfile UP-TO-DATE
> Task :sentry_react-native:mergeReleaseJavaResource
> Task :sentry_react-native:extractProguardFiles
> Task :sentry_react-native:syncReleaseLibJars
> Task :sentry_react-native:bundleReleaseLocalLintAar
> Task :sentry_react-native:writeReleaseLintModelMetadata
> Task :expo:generateReleaseLintVitalModel
> Task :sentry_react-native:generateReleaseLintModel
> Task :app:generateReleaseLintVitalReportModel
> Task :expo-application:generateReleaseLintVitalModel
> Task :expo-asset:generateReleaseLintVitalModel
> Task :expo-av:generateReleaseLintVitalModel
> Task :expo-constants:generateReleaseLintVitalModel
> Task :expo-dev-client:generateReleaseLintVitalModel
> Task :expo-dev-launcher:generateReleaseLintVitalModel
> Task :expo-dev-menu:generateReleaseLintVitalModel
> Task :expo-dev-menu-interface:generateReleaseLintVitalModel
> Task :expo-device:generateReleaseLintVitalModel
> Task :expo-eas-client:generateReleaseLintVitalModel
> Task :expo-file-system:generateReleaseLintVitalModel
> Task :expo-font:generateReleaseLintVitalModel
> Task :expo-haptics:generateReleaseLintVitalModel
> Task :expo-image:generateReleaseLintVitalModel
> Task :expo-image-loader:generateReleaseLintVitalModel
> Task :expo-image-picker:generateReleaseLintVitalModel
> Task :expo-json-utils:generateReleaseLintVitalModel
> Task :expo-keep-awake:generateReleaseLintVitalModel
> Task :expo-location:generateReleaseLintVitalModel
> Task :expo-manifests:generateReleaseLintVitalModel
> Task :expo-modules-core:generateReleaseLintVitalModel
> Task :expo-notifications:generateReleaseLintVitalModel
> Task :expo-splash-screen:generateReleaseLintVitalModel
> Task :expo-structured-headers:generateReleaseLintVitalModel
> Task :expo-task-manager:generateReleaseLintVitalModel
> Task :expo-updates:generateReleaseLintVitalModel
> Task :expo-updates-interface:generateReleaseLintVitalModel
> Task :react-native-async-storage_async-storage:generateReleaseLintVitalModel
> Task :react-native-community_netinfo:generateReleaseLintVitalModel
> Task :react-native-gesture-handler:generateReleaseLintVitalModel
> Task :react-native-maps:generateReleaseLintVitalModel
> Task :react-native-safe-area-context:generateReleaseLintVitalModel
> Task :react-native-screens:generateReleaseLintVitalModel
> Task :react-native-svg:generateReleaseLintVitalModel
> Task :sentry_react-native:generateReleaseLintVitalModel
> Task :unimodules-app-loader:generateReleaseLintVitalModel
> Task :app:mergeReleaseJniLibFolders
> Task :expo:copyReleaseJniLibsProjectOnly
> Task :expo-application:copyReleaseJniLibsProjectOnly
> Task :expo-asset:copyReleaseJniLibsProjectOnly
> Task :expo-constants:copyReleaseJniLibsProjectOnly
> Task :expo-dev-client:copyReleaseJniLibsProjectOnly
> Task :expo-dev-launcher:copyReleaseJniLibsProjectOnly
> Task :expo-dev-menu:copyReleaseJniLibsProjectOnly
> Task :expo-dev-menu-interface:copyReleaseJniLibsProjectOnly
> Task :expo-device:copyReleaseJniLibsProjectOnly
> Task :expo-eas-client:copyReleaseJniLibsProjectOnly
> Task :expo-av:copyReleaseJniLibsProjectOnly
> Task :expo-font:copyReleaseJniLibsProjectOnly
> Task :expo-file-system:copyReleaseJniLibsProjectOnly
> Task :expo-haptics:copyReleaseJniLibsProjectOnly
> Task :expo-image:copyReleaseJniLibsProjectOnly
> Task :expo-image-loader:copyReleaseJniLibsProjectOnly
> Task :expo-image-picker:copyReleaseJniLibsProjectOnly
> Task :expo-json-utils:copyReleaseJniLibsProjectOnly
> Task :expo-keep-awake:copyReleaseJniLibsProjectOnly
> Task :expo-manifests:copyReleaseJniLibsProjectOnly
> Task :expo-location:copyReleaseJniLibsProjectOnly
> Task :expo-notifications:copyReleaseJniLibsProjectOnly
> Task :expo-splash-screen:copyReleaseJniLibsProjectOnly
> Task :expo-structured-headers:copyReleaseJniLibsProjectOnly
> Task :expo-task-manager:copyReleaseJniLibsProjectOnly
> Task :expo-updates:copyReleaseJniLibsProjectOnly
> Task :expo-updates-interface:copyReleaseJniLibsProjectOnly
> Task :react-native-async-storage_async-storage:copyReleaseJniLibsProjectOnly
> Task :react-native-community_netinfo:copyReleaseJniLibsProjectOnly
> Task :react-native-gesture-handler:copyReleaseJniLibsProjectOnly
> Task :expo-application:lintVitalAnalyzeRelease
> Task :react-native-maps:copyReleaseJniLibsProjectOnly
> Task :expo-modules-core:copyReleaseJniLibsProjectOnly
> Task :app:lintVitalAnalyzeRelease
> Task :react-native-safe-area-context:copyReleaseJniLibsProjectOnly
> Task :react-native-svg:copyReleaseJniLibsProjectOnly
> Task :unimodules-app-loader:copyReleaseJniLibsProjectOnly
> Task :sentry_react-native:copyReleaseJniLibsProjectOnly
> Task :react-native-screens:copyReleaseJniLibsProjectOnly
> Task :app:checkReleaseDuplicateClasses
> Task :expo-asset:lintVitalAnalyzeRelease
> Task :expo:lintVitalAnalyzeRelease
> Task :expo-dev-client:lintVitalAnalyzeRelease
> Task :expo-constants:lintVitalAnalyzeRelease
> Task :app:dexBuilderRelease
> Task :app:mergeReleaseNativeLibs
> Task :app:desugarReleaseFileDependencies
> Task :expo-av:lintVitalAnalyzeRelease
> Task :expo-dev-launcher:lintVitalAnalyzeRelease
> Task :expo-dev-menu:lintVitalAnalyzeRelease
> Task :app:stripReleaseDebugSymbols
> Task :app:mergeExtDexRelease
> Task :app:mergeReleaseArtProfile
> Task :app:extractReleaseNativeSymbolTables
> Task :app:mergeReleaseShaders
> Task :app:compileReleaseShaders NO-SOURCE
> Task :app:mergeReleaseGlobalSynthetics
> Task :app:mergeReleaseNativeDebugMetadata
> Task :expo-eas-client:lintVitalAnalyzeRelease
> Task :expo-dev-menu-interface:lintVitalAnalyzeRelease
> Task :expo-device:lintVitalAnalyzeRelease

> Task :app:createReleaseUpdatesResources
[app.config] EXPO_PUBLIC_GOOGLE_MAPS_API_KEY manquant � la carte Google Maps ne fonctionnera pas.
GOOGLE_SERVICES_JSON_BASE64 is not set; google-services.json will not be generated (push notifications disabled)
[app.config] EXPO_PUBLIC_GOOGLE_MAPS_API_KEY manquant � la carte Google Maps ne fonctionnera pas.
GOOGLE_SERVICES_JSON_BASE64 is not set; google-services.json will not be generated (push notifications disabled)

> Task :app:generateReleaseAssets UP-TO-DATE
> Task :expo-font:lintVitalAnalyzeRelease
> Task :app:mergeReleaseAssets
> Task :app:processReleaseJavaRes
> Task :expo-haptics:lintVitalAnalyzeRelease
> Task :app:compressReleaseAssets
> Task :expo-image-loader:lintVitalAnalyzeRelease
> Task :expo-file-system:lintVitalAnalyzeRelease
> Task :app:mergeDexRelease
> Task :app:collectReleaseDependencies
> Task :app:sdkReleaseDependencyData
> Task :app:validateSigningRelease
> Task :app:writeReleaseAppMetadata
> Task :app:writeReleaseSigningConfigVersions
> Task :expo:bundleReleaseAar
> Task :expo-image:lintVitalAnalyzeRelease
> Task :expo:mapReleaseSourceSetPaths
> Task :app:mergeReleaseJavaResource
> Task :expo-json-utils:lintVitalAnalyzeRelease
> Task :app:optimizeReleaseResources
> Task :expo-image-picker:lintVitalAnalyzeRelease
> Task :expo:mergeReleaseResources
> Task :expo-keep-awake:lintVitalAnalyzeRelease
> Task :app:compileReleaseArtProfile
> Task :expo-application:bundleReleaseAar
> Task :expo-application:mapReleaseSourceSetPaths
> Task :expo-location:lintVitalAnalyzeRelease
> Task :expo-manifests:lintVitalAnalyzeRelease
> Task :expo-application:mergeReleaseResources
> Task :expo:verifyReleaseResources
> Task :expo-asset:bundleReleaseAar
> Task :expo-asset:mapReleaseSourceSetPaths
> Task :expo-asset:mergeReleaseResources
> Task :expo-application:verifyReleaseResources
> Task :expo-av:bundleReleaseAar
> Task :expo-application:assembleRelease
> Task :expo-av:mapReleaseSourceSetPaths
> Task :expo-notifications:lintVitalAnalyzeRelease
> Task :expo-modules-core:lintVitalAnalyzeRelease
> Task :app:packageRelease
> Task :expo-av:mergeReleaseResources
> Task :expo-asset:verifyReleaseResources
> Task :app:createReleaseApkListingFileRedirect
> Task :expo:assembleRelease
> Task :expo-asset:assembleRelease
> Task :expo-constants:bundleReleaseAar
> Task :expo-constants:mapReleaseSourceSetPaths
> Task :expo-constants:mergeReleaseResources
> Task :expo-dev-client:bundleReleaseAar
> Task :expo-dev-client:mapReleaseSourceSetPaths
> Task :expo-splash-screen:lintVitalAnalyzeRelease
> Task :expo-av:verifyReleaseResources
> Task :expo-constants:verifyReleaseResources
> Task :expo-dev-client:mergeReleaseResources
> Task :expo-av:assembleRelease
> Task :expo-constants:assembleRelease
> Task :expo-structured-headers:lintVitalAnalyzeRelease
> Task :expo-dev-launcher:bundleReleaseAar
> Task :expo-dev-launcher:mapReleaseSourceSetPaths
> Task :expo-updates-interface:lintVitalAnalyzeRelease
> Task :expo-dev-client:verifyReleaseResources
> Task :expo-task-manager:lintVitalAnalyzeRelease
> Task :expo-updates:lintVitalAnalyzeRelease
> Task :expo-dev-launcher:mergeReleaseResources
> Task :expo-dev-client:assembleRelease
> Task :expo-dev-menu:bundleReleaseAar
> Task :expo-dev-menu:mapReleaseSourceSetPaths
> Task :react-native-community_netinfo:lintVitalAnalyzeRelease
> Task :react-native-async-storage_async-storage:lintVitalAnalyzeRelease
> Task :expo-dev-launcher:verifyReleaseResources
> Task :react-native-gesture-handler:lintVitalAnalyzeRelease
> Task :expo-dev-menu:mergeReleaseResources
> Task :expo-dev-launcher:assembleRelease
> Task :expo-dev-menu-interface:bundleReleaseAar
> Task :expo-dev-menu-interface:mapReleaseSourceSetPaths
> Task :react-native-maps:lintVitalAnalyzeRelease
> Task :expo-dev-menu-interface:mergeReleaseResources
> Task :expo-device:bundleReleaseAar
> Task :expo-device:mapReleaseSourceSetPaths
> Task :expo-dev-menu:verifyReleaseResources
> Task :react-native-svg:lintVitalAnalyzeRelease
> Task :react-native-safe-area-context:lintVitalAnalyzeRelease
> Task :expo-dev-menu-interface:verifyReleaseResources
> Task :expo-device:mergeReleaseResources
> Task :expo-dev-menu:assembleRelease
> Task :expo-dev-menu-interface:assembleRelease
> Task :expo-eas-client:bundleReleaseAar
> Task :expo-eas-client:mapReleaseSourceSetPaths
> Task :unimodules-app-loader:lintVitalAnalyzeRelease
> Task :sentry_react-native:lintVitalAnalyzeRelease
> Task :react-native-screens:lintVitalAnalyzeRelease
> Task :expo-device:verifyReleaseResources
> Task :expo-eas-client:mergeReleaseResources
> Task :expo-device:assembleRelease
> Task :expo-file-system:bundleReleaseAar
> Task :expo-file-system:mapReleaseSourceSetPaths
> Task :app:lintVitalReportRelease
> Task :expo-eas-client:verifyReleaseResources
> Task :expo-file-system:mergeReleaseResources
> Task :app:lintVitalRelease
> Task :app:assembleRelease
> Task :expo-eas-client:assembleRelease
> Task :expo-font:bundleReleaseAar
> Task :expo-font:mapReleaseSourceSetPaths
> Task :expo-font:mergeReleaseResources
> Task :expo-haptics:bundleReleaseAar
> Task :expo-haptics:mapReleaseSourceSetPaths
> Task :expo-file-system:verifyReleaseResources
> Task :expo-font:verifyReleaseResources
> Task :expo-haptics:mergeReleaseResources
> Task :expo-file-system:assembleRelease
> Task :expo-font:assembleRelease
> Task :expo-image:bundleReleaseAar
> Task :expo-image:mapReleaseSourceSetPaths
> Task :expo-haptics:verifyReleaseResources
> Task :expo-image:mergeReleaseResources
> Task :expo-haptics:assembleRelease
> Task :expo-image-loader:bundleReleaseAar
> Task :expo-image-loader:mapReleaseSourceSetPaths
> Task :expo-image:verifyReleaseResources
> Task :expo-image-loader:mergeReleaseResources
> Task :expo-image:assembleRelease
> Task :expo-image-picker:bundleReleaseAar
> Task :expo-image-picker:mapReleaseSourceSetPaths
> Task :expo-image-loader:verifyReleaseResources
> Task :expo-image-picker:mergeReleaseResources
> Task :expo-image-loader:assembleRelease
> Task :expo-json-utils:bundleReleaseAar
> Task :expo-json-utils:mapReleaseSourceSetPaths
> Task :expo-image-picker:verifyReleaseResources
> Task :expo-json-utils:mergeReleaseResources
> Task :expo-image-picker:assembleRelease
> Task :expo-keep-awake:bundleReleaseAar
> Task :expo-keep-awake:mapReleaseSourceSetPaths
> Task :expo-json-utils:verifyReleaseResources
> Task :expo-keep-awake:mergeReleaseResources
> Task :expo-json-utils:assembleRelease
> Task :expo-location:bundleReleaseAar
> Task :expo-location:mapReleaseSourceSetPaths
> Task :expo-keep-awake:verifyReleaseResources
> Task :expo-location:mergeReleaseResources
> Task :expo-keep-awake:assembleRelease
> Task :expo-manifests:bundleReleaseAar
> Task :expo-manifests:mapReleaseSourceSetPaths
> Task :expo-location:verifyReleaseResources
> Task :expo-manifests:mergeReleaseResources
> Task :expo-location:assembleRelease
> Task :expo-modules-core:bundleReleaseAar
> Task :expo-modules-core:mapReleaseSourceSetPaths
> Task :expo-manifests:verifyReleaseResources
> Task :expo-modules-core:mergeReleaseResources
> Task :expo-manifests:assembleRelease
> Task :expo-notifications:bundleReleaseAar
> Task :expo-notifications:mapReleaseSourceSetPaths
> Task :expo-modules-core:verifyReleaseResources
> Task :expo-notifications:mergeReleaseResources
> Task :expo-modules-core:assembleRelease
> Task :expo-splash-screen:bundleReleaseAar
> Task :expo-splash-screen:mapReleaseSourceSetPaths
> Task :expo-notifications:verifyReleaseResources
> Task :expo-splash-screen:mergeReleaseResources
> Task :expo-notifications:assembleRelease
> Task :expo-structured-headers:bundleReleaseAar
> Task :expo-structured-headers:mapReleaseSourceSetPaths
> Task :expo-structured-headers:mergeReleaseResources
> Task :expo-task-manager:bundleReleaseAar
> Task :expo-task-manager:mapReleaseSourceSetPaths
> Task :expo-splash-screen:verifyReleaseResources
> Task :expo-structured-headers:verifyReleaseResources
> Task :expo-task-manager:mergeReleaseResources
> Task :expo-splash-screen:assembleRelease
> Task :expo-structured-headers:assembleRelease
> Task :expo-updates:bundleReleaseAar
> Task :expo-updates:mapReleaseSourceSetPaths
> Task :expo-task-manager:verifyReleaseResources
> Task :expo-updates:mergeReleaseResources
> Task :expo-task-manager:assembleRelease
> Task :expo-updates-interface:bundleReleaseAar
> Task :expo-updates-interface:mapReleaseSourceSetPaths
> Task :expo-updates:verifyReleaseResources
> Task :expo-updates-interface:mergeReleaseResources
> Task :expo-updates:assembleRelease
> Task :react-native-async-storage_async-storage:bundleReleaseAar
> Task :react-native-async-storage_async-storage:mapReleaseSourceSetPaths
> Task :react-native-async-storage_async-storage:mergeReleaseResources
> Task :react-native-community_netinfo:bundleReleaseAar
> Task :react-native-community_netinfo:mapReleaseSourceSetPaths
> Task :expo-updates-interface:verifyReleaseResources
> Task :react-native-async-storage_async-storage:verifyReleaseResources
> Task :react-native-community_netinfo:mergeReleaseResources
> Task :expo-updates-interface:assembleRelease
> Task :react-native-async-storage_async-storage:assembleRelease
> Task :react-native-gesture-handler:bundleReleaseAar
> Task :react-native-gesture-handler:mapReleaseSourceSetPaths
> Task :react-native-community_netinfo:verifyReleaseResources
> Task :react-native-gesture-handler:mergeReleaseResources
> Task :react-native-community_netinfo:assembleRelease
> Task :react-native-maps:bundleReleaseAar
> Task :react-native-maps:mapReleaseSourceSetPaths
> Task :react-native-gesture-handler:verifyReleaseResources
> Task :react-native-maps:mergeReleaseResources
> Task :react-native-gesture-handler:assembleRelease
> Task :react-native-safe-area-context:bundleReleaseAar
> Task :react-native-safe-area-context:mapReleaseSourceSetPaths
> Task :react-native-maps:verifyReleaseResources
> Task :react-native-safe-area-context:mergeReleaseResources
> Task :react-native-maps:assembleRelease
> Task :react-native-screens:bundleReleaseAar
> Task :react-native-screens:mapReleaseSourceSetPaths
> Task :react-native-safe-area-context:verifyReleaseResources
> Task :react-native-screens:mergeReleaseResources
> Task :react-native-safe-area-context:assembleRelease
> Task :react-native-svg:bundleReleaseAar
> Task :react-native-svg:mapReleaseSourceSetPaths
> Task :react-native-screens:verifyReleaseResources
> Task :react-native-svg:mergeReleaseResources
> Task :react-native-screens:assembleRelease
> Task :sentry_react-native:bundleReleaseAar
> Task :sentry_react-native:mapReleaseSourceSetPaths
> Task :react-native-svg:verifyReleaseResources
> Task :sentry_react-native:mergeReleaseResources
> Task :react-native-svg:assembleRelease
> Task :unimodules-app-loader:bundleReleaseAar
> Task :unimodules-app-loader:mapReleaseSourceSetPaths
> Task :sentry_react-native:verifyReleaseResources
> Task :unimodules-app-loader:mergeReleaseResources
> Task :sentry_react-native:assembleRelease
> Task :unimodules-app-loader:verifyReleaseResources
> Task :unimodules-app-loader:assembleRelease

BUILD SUCCESSFUL in 31m 41s
1571 actionable tasks: 860 executed, 711 up-to-date
